Rasse;Land;GebJahrUnten;GebJahrOben;Code;Selektionspfad
AL;CHE;1900;2100;1;DC
AL;CHE;1900;2100;1;DB
AL;CHE;1900;2100;2;SC
AL;CHE;1900;2100;2;SB
AL;ATG;1900;2100;3;DC
AL;ATG;1900;2100;3;DB
AL;DNK;1900;2100;3;DC
AL;DNK;1900;2100;3;DB
AL;ITA;1900;2100;3;DC
AL;ITA;1900;2100;3;DB
AL;AUT;1900;2100;3;DC
AL;AUT;1900;2100;3;DB
AL;ATG;1900;2100;4;SC
AL;ATG;1900;2100;4;SB
AL;DNK;1900;2100;4;SC
AL;DNK;1900;2100;4;SB
AL;ITA;1900;2100;4;SC
AL;ITA;1900;2100;4;SB
AL;AUT;1900;2100;4;SC
AL;AUT;1900;2100;4;SB
AN;CHE;1900;2100;5;DC
AN;CHE;1900;2100;5;DB
AN;CHE;1900;2100;6;SC
AN;CHE;1900;2100;6;SB
AN;AUS;1900;2100;7;DC
AN;AUS;1900;2100;7;DB
AN;AUT;1900;2100;7;DC
AN;AUT;1900;2100;7;DB
AN;CAN;1900;2100;7;DC
AN;CAN;1900;2100;7;DB
AN;CZE;1900;2100;7;DC
AN;CZE;1900;2100;7;DB
AN;DEU;1900;2100;7;DC
AN;DEU;1900;2100;7;DB
AN;DNK;1900;2100;7;DC
AN;DNK;1900;2100;7;DB
AN;GBR;1900;2100;7;DC
AN;GBR;1900;2100;7;DB
AN;HUN;1900;2100;7;DC
AN;HUN;1900;2100;7;DB
AN;IRL;1900;2100;7;DC
AN;IRL;1900;2100;7;DB
AN;LUX;1900;2100;7;DC
AN;LUX;1900;2100;7;DB
AN;NOR;1900;2100;7;DC
AN;NOR;1900;2100;7;DB
AN;NZL;1900;2100;7;DC
AN;NZL;1900;2100;7;DB
AN;SWE;1900;2100;7;DC
AN;SWE;1900;2100;7;DB
AN;USA;1900;2100;7;DC
AN;USA;1900;2100;7;DB
AN;XXX;1900;2100;7;DC
AN;XXX;1900;2100;7;DB
AN;AUS;1900;2100;8;SC
AN;AUS;1900;2100;8;SB
AN;AUT;1900;2100;8;SC
AN;AUT;1900;2100;8;SB
AN;CAN;1900;2100;8;SC
AN;CAN;1900;2100;8;SB
AN;CZE;1900;2100;8;SC
AN;CZE;1900;2100;8;SB
AN;DEU;1900;2100;8;SC
AN;DEU;1900;2100;8;SB
AN;DNK;1900;2100;8;SC
AN;DNK;1900;2100;8;SB
AN;GBR;1900;2100;8;SC
AN;GBR;1900;2100;8;SB
AN;HUN;1900;2100;8;SC
AN;HUN;1900;2100;8;SB
AN;IRL;1900;2100;8;SC
AN;IRL;1900;2100;8;SB
AN;LUX;1900;2100;8;SC
AN;LUX;1900;2100;8;SB
AN;NOR;1900;2100;8;SC
AN;NOR;1900;2100;8;SB
AN;NZL;1900;2100;8;SC
AN;NZL;1900;2100;8;SB
AN;SWE;1900;2100;8;SC
AN;SWE;1900;2100;8;SB
AN;USA;1900;2100;8;SC
AN;USA;1900;2100;8;SB
AN;XXX;1900;2100;8;SC
AN;XXX;1900;2100;8;SB
BV;AUT;1900;1979;9;DC
BV;AUT;1900;1976;9;DB
BV;CAN;1900;1979;9;DC
BV;CAN;1900;1976;9;DB
BV;DEU;1900;1979;9;DC
BV;DEU;1900;1976;9;DB
BV;DNK;1900;1979;9;DC
BV;DNK;1900;1976;9;DB
BV;FRA;1900;1979;9;DC
BV;FRA;1900;1976;9;DB
BV;ITA;1900;1979;9;DC
BV;ITA;1900;1976;9;DB
BV;USA;1900;1979;9;DC
BV;USA;1900;1976;9;DB
BV;CHE;1900;1979;9;DC
BV;CHE;1900;1976;9;DB
BV;AUT;1900;1981;10;SC
BV;AUT;1900;1978;10;SB
BV;CAN;1900;1981;10;SC
BV;CAN;1900;1978;10;SB
BV;DEU;1900;1981;10;SC
BV;DEU;1900;1978;10;SB
BV;DNK;1900;1981;10;SC
BV;DNK;1900;1978;10;SB
BV;FRA;1900;1981;10;SC
BV;FRA;1900;1978;10;SB
BV;ITA;1900;1981;10;SC
BV;ITA;1900;1978;10;SB
BV;USA;1900;1981;10;SC
BV;USA;1900;1978;10;SB
BV;CHE;1900;1981;10;SC
BV;CHE;1900;1978;10;SB
BV;AUT;1980;1984;11;DC
BV;AUT;1977;1981;11;DB
BV;CAN;1980;1984;11;DC
BV;CAN;1977;1981;11;DB
BV;DEU;1980;1984;11;DC
BV;DEU;1977;1981;11;DB
BV;DNK;1980;1984;11;DC
BV;DNK;1977;1981;11;DB
BV;FRA;1980;1984;11;DC
BV;FRA;1977;1981;11;DB
BV;ITA;1980;1984;11;DC
BV;ITA;1977;1981;11;DB
BV;USA;1980;1984;11;DC
BV;USA;1977;1981;11;DB
BV;CHE;1980;1984;11;DC
BV;CHE;1977;1981;11;DB
BV;AUT;1982;1986;12;SC
BV;AUT;1979;1983;12;SB
BV;CAN;1982;1986;12;SC
BV;CAN;1979;1983;12;SB
BV;DEU;1982;1986;12;SC
BV;DEU;1979;1983;12;SB
BV;DNK;1982;1986;12;SC
BV;DNK;1979;1983;12;SB
BV;FRA;1982;1986;12;SC
BV;FRA;1979;1983;12;SB
BV;ITA;1982;1986;12;SC
BV;ITA;1979;1983;12;SB
BV;USA;1982;1986;12;SC
BV;USA;1979;1983;12;SB
BV;CHE;1982;1986;12;SC
BV;CHE;1979;1983;12;SB
BV;AUT;1985;1989;13;DC
BV;AUT;1982;1986;13;DB
BV;CAN;1985;1989;13;DC
BV;CAN;1982;1986;13;DB
BV;DEU;1985;1989;13;DC
BV;DEU;1982;1986;13;DB
BV;DNK;1985;1989;13;DC
BV;DNK;1982;1986;13;DB
BV;FRA;1985;1989;13;DC
BV;FRA;1982;1986;13;DB
BV;ITA;1985;1989;13;DC
BV;ITA;1982;1986;13;DB
BV;USA;1985;1989;13;DC
BV;USA;1982;1986;13;DB
BV;CHE;1985;1989;13;DC
BV;CHE;1982;1986;13;DB
BV;AUT;1987;1991;14;SC
BV;AUT;1984;1988;14;SB
BV;CAN;1987;1991;14;SC
BV;CAN;1984;1988;14;SB
BV;DEU;1987;1991;14;SC
BV;DEU;1984;1988;14;SB
BV;DNK;1987;1991;14;SC
BV;DNK;1984;1988;14;SB
BV;FRA;1987;1991;14;SC
BV;FRA;1984;1988;14;SB
BV;ITA;1987;1991;14;SC
BV;ITA;1984;1988;14;SB
BV;USA;1987;1991;14;SC
BV;USA;1984;1988;14;SB
BV;CHE;1987;1991;14;SC
BV;CHE;1984;1988;14;SB
BV;AUT;1990;1994;15;DC
BV;AUT;1987;1991;15;DB
BV;CAN;1990;1994;15;DC
BV;CAN;1987;1991;15;DB
BV;DEU;1990;1994;15;DC
BV;DEU;1987;1991;15;DB
BV;DNK;1990;1994;15;DC
BV;DNK;1987;1991;15;DB
BV;FRA;1990;1994;15;DC
BV;FRA;1987;1991;15;DB
BV;ITA;1990;1994;15;DC
BV;ITA;1987;1991;15;DB
BV;USA;1990;1994;15;DC
BV;USA;1987;1991;15;DB
BV;CHE;1990;1994;15;DC
BV;CHE;1987;1991;15;DB
BV;AUT;1992;1996;16;SC
BV;AUT;1989;1993;16;SB
BV;CAN;1992;1996;16;SC
BV;CAN;1989;1993;16;SB
BV;DEU;1992;1996;16;SC
BV;DEU;1989;1993;16;SB
BV;DNK;1992;1996;16;SC
BV;DNK;1989;1993;16;SB
BV;FRA;1992;1996;16;SC
BV;FRA;1989;1993;16;SB
BV;ITA;1992;1996;16;SC
BV;ITA;1989;1993;16;SB
BV;USA;1992;1996;16;SC
BV;USA;1989;1993;16;SB
BV;CHE;1992;1996;16;SC
BV;CHE;1989;1993;16;SB
BV;AUT;1995;1999;17;DC
BV;AUT;1992;1996;17;DB
BV;CAN;1995;1999;17;DC
BV;CAN;1992;1996;17;DB
BV;DEU;1995;1999;17;DC
BV;DEU;1992;1996;17;DB
BV;DNK;1995;1999;17;DC
BV;DNK;1992;1996;17;DB
BV;FRA;1995;1999;17;DC
BV;FRA;1992;1996;17;DB
BV;ITA;1995;1999;17;DC
BV;ITA;1992;1996;17;DB
BV;USA;1995;1999;17;DC
BV;USA;1992;1996;17;DB
BV;CHE;1995;1999;17;DC
BV;CHE;1992;1996;17;DB
BV;AUT;1997;2001;18;SC
BV;AUT;1994;1998;18;SB
BV;CAN;1997;2001;18;SC
BV;CAN;1994;1998;18;SB
BV;DEU;1997;2001;18;SC
BV;DEU;1994;1998;18;SB
BV;DNK;1997;2001;18;SC
BV;DNK;1994;1998;18;SB
BV;FRA;1997;2001;18;SC
BV;FRA;1994;1998;18;SB
BV;ITA;1997;2001;18;SC
BV;ITA;1994;1998;18;SB
BV;USA;1997;2001;18;SC
BV;USA;1994;1998;18;SB
BV;CHE;1997;2001;18;SC
BV;CHE;1994;1998;18;SB
BV;AUT;2000;2004;19;DC
BV;AUT;1997;2001;19;DB
BV;CAN;2000;2004;19;DC
BV;CAN;1997;2001;19;DB
BV;DEU;2000;2004;19;DC
BV;DEU;1997;2001;19;DB
BV;DNK;2000;2004;19;DC
BV;DNK;1997;2001;19;DB
BV;FRA;2000;2004;19;DC
BV;FRA;1997;2001;19;DB
BV;ITA;2000;2004;19;DC
BV;ITA;1997;2001;19;DB
BV;USA;2000;2004;19;DC
BV;USA;1997;2001;19;DB
BV;CHE;2000;2004;19;DC
BV;CHE;1997;2001;19;DB
BV;AUT;2002;2006;20;SC
BV;AUT;1999;2003;20;SB
BV;CAN;2002;2006;20;SC
BV;CAN;1999;2003;20;SB
BV;DEU;2002;2006;20;SC
BV;DEU;1999;2003;20;SB
BV;DNK;2002;2006;20;SC
BV;DNK;1999;2003;20;SB
BV;FRA;2002;2006;20;SC
BV;FRA;1999;2003;20;SB
BV;ITA;2002;2006;20;SC
BV;ITA;1999;2003;20;SB
BV;USA;2002;2006;20;SC
BV;USA;1999;2003;20;SB
BV;CHE;2002;2006;20;SC
BV;CHE;1999;2003;20;SB
BV;AUT;2005;2009;21;DC
BV;AUT;2002;2006;21;DB
BV;CAN;2005;2009;21;DC
BV;CAN;2002;2006;21;DB
BV;DEU;2005;2009;21;DC
BV;DEU;2002;2006;21;DB
BV;DNK;2005;2009;21;DC
BV;DNK;2002;2006;21;DB
BV;FRA;2005;2009;21;DC
BV;FRA;2002;2006;21;DB
BV;ITA;2005;2009;21;DC
BV;ITA;2002;2006;21;DB
BV;USA;2005;2009;21;DC
BV;USA;2002;2006;21;DB
BV;CHE;2005;2009;21;DC
BV;CHE;2002;2006;21;DB
BV;AUT;2007;2011;22;SC
BV;AUT;2004;2008;22;SB
BV;CAN;2007;2011;22;SC
BV;CAN;2004;2008;22;SB
BV;DEU;2007;2011;22;SC
BV;DEU;2004;2008;22;SB
BV;DNK;2007;2011;22;SC
BV;DNK;2004;2008;22;SB
BV;FRA;2007;2011;22;SC
BV;FRA;2004;2008;22;SB
BV;ITA;2007;2011;22;SC
BV;ITA;2004;2008;22;SB
BV;USA;2007;2011;22;SC
BV;USA;2004;2008;22;SB
BV;CHE;2007;2011;22;SC
BV;CHE;2004;2008;22;SB
BV;AUT;2010;2014;23;DC
BV;AUT;2007;2011;23;DB
BV;CAN;2010;2014;23;DC
BV;CAN;2007;2011;23;DB
BV;DEU;2010;2014;23;DC
BV;DEU;2007;2011;23;DB
BV;DNK;2010;2014;23;DC
BV;DNK;2007;2011;23;DB
BV;FRA;2010;2014;23;DC
BV;FRA;2007;2011;23;DB
BV;ITA;2010;2014;23;DC
BV;ITA;2007;2011;23;DB
BV;USA;2010;2014;23;DC
BV;USA;2007;2011;23;DB
BV;CHE;2010;2014;23;DC
BV;CHE;2007;2011;23;DB
BV;AUT;2012;2016;24;SC
BV;AUT;2009;2013;24;SB
BV;CAN;2012;2016;24;SC
BV;CAN;2009;2013;24;SB
BV;DEU;2012;2016;24;SC
BV;DEU;2009;2013;24;SB
BV;DNK;2012;2016;24;SC
BV;DNK;2009;2013;24;SB
BV;FRA;2012;2016;24;SC
BV;FRA;2009;2013;24;SB
BV;ITA;2012;2016;24;SC
BV;ITA;2009;2013;24;SB
BV;USA;2012;2016;24;SC
BV;USA;2009;2013;24;SB
BV;CHE;2012;2016;24;SC
BV;CHE;2009;2013;24;SB
BV;AUT;2015;2100;25;DC
BV;AUT;2012;2100;25;DB
BV;CAN;2015;2100;25;DC
BV;CAN;2012;2100;25;DB
BV;DEU;2015;2100;25;DC
BV;DEU;2012;2100;25;DB
BV;DNK;2015;2100;25;DC
BV;DNK;2012;2100;25;DB
BV;FRA;2015;2100;25;DC
BV;FRA;2012;2100;25;DB
BV;ITA;2015;2100;25;DC
BV;ITA;2012;2100;25;DB
BV;USA;2015;2100;25;DC
BV;USA;2012;2100;25;DB
BV;CHE;2015;2100;25;DC
BV;CHE;2012;2100;25;DB
BV;AUT;2017;2100;26;SC
BV;AUT;2014;2100;26;SB
BV;CAN;2017;2100;26;SC
BV;CAN;2014;2100;26;SB
BV;DEU;2017;2100;26;SC
BV;DEU;2014;2100;26;SB
BV;DNK;2017;2100;26;SC
BV;DNK;2014;2100;26;SB
BV;FRA;2017;2100;26;SC
BV;FRA;2014;2100;26;SB
BV;ITA;2017;2100;26;SC
BV;ITA;2014;2100;26;SB
BV;USA;2017;2100;26;SC
BV;USA;2014;2100;26;SB
BV;CHE;2017;2100;26;SC
BV;CHE;2014;2100;26;SB
HO;840;1900;1984;27;DC
HO;840;1900;1981;27;DB
HO;AUS;1900;1984;27;DC
HO;AUS;1900;1981;27;DB
HO;AUT;1900;1984;27;DC
HO;AUT;1900;1981;27;DB
HO;BEL;1900;1984;27;DC
HO;BEL;1900;1981;27;DB
HO;CAN;1900;1984;27;DC
HO;CAN;1900;1981;27;DB
HO;DEU;1900;1984;27;DC
HO;DEU;1900;1981;27;DB
HO;DNK;1900;1984;27;DC
HO;DNK;1900;1981;27;DB
HO;FRA;1900;1984;27;DC
HO;FRA;1900;1981;27;DB
HO;GBR;1900;1984;27;DC
HO;GBR;1900;1981;27;DB
HO;IRL;1900;1984;27;DC
HO;IRL;1900;1981;27;DB
HO;ITA;1900;1984;27;DC
HO;ITA;1900;1981;27;DB
HO;LUX;1900;1984;27;DC
HO;LUX;1900;1981;27;DB
HO;NLD;1900;1984;27;DC
HO;NLD;1900;1981;27;DB
HO;NZL;1900;1984;27;DC
HO;NZL;1900;1981;27;DB
HO;SWE;1900;1984;27;DC
HO;SWE;1900;1981;27;DB
HO;UKR;1900;1984;27;DC
HO;UKR;1900;1981;27;DB
HO;USA;1900;1984;27;DC
HO;USA;1900;1981;27;DB
HO;CHE;1900;1984;27;DC
HO;CHE;1900;1981;27;DB
HO;840;1900;1986;28;SC
HO;840;1900;1983;28;SB
HO;AUS;1900;1986;28;SC
HO;AUS;1900;1983;28;SB
HO;AUT;1900;1986;28;SC
HO;AUT;1900;1983;28;SB
HO;BEL;1900;1986;28;SC
HO;BEL;1900;1983;28;SB
HO;CAN;1900;1986;28;SC
HO;CAN;1900;1983;28;SB
HO;DEU;1900;1986;28;SC
HO;DEU;1900;1983;28;SB
HO;DNK;1900;1986;28;SC
HO;DNK;1900;1983;28;SB
HO;FRA;1900;1986;28;SC
HO;FRA;1900;1983;28;SB
HO;GBR;1900;1986;28;SC
HO;GBR;1900;1983;28;SB
HO;IRL;1900;1986;28;SC
HO;IRL;1900;1983;28;SB
HO;ITA;1900;1986;28;SC
HO;ITA;1900;1983;28;SB
HO;LUX;1900;1986;28;SC
HO;LUX;1900;1983;28;SB
HO;NLD;1900;1986;28;SC
HO;NLD;1900;1983;28;SB
HO;NZL;1900;1986;28;SC
HO;NZL;1900;1983;28;SB
HO;SWE;1900;1986;28;SC
HO;SWE;1900;1983;28;SB
HO;UKR;1900;1986;28;SC
HO;UKR;1900;1983;28;SB
HO;USA;1900;1986;28;SC
HO;USA;1900;1983;28;SB
HO;CHE;1900;1986;28;SC
HO;CHE;1900;1983;28;SB
HO;840;1985;1991;29;DC
HO;840;1982;1988;29;DB
HO;AUS;1985;1991;29;DC
HO;AUS;1982;1988;29;DB
HO;AUT;1985;1991;29;DC
HO;AUT;1982;1988;29;DB
HO;BEL;1985;1991;29;DC
HO;BEL;1982;1988;29;DB
HO;CAN;1985;1991;29;DC
HO;CAN;1982;1988;29;DB
HO;DEU;1985;1991;29;DC
HO;DEU;1982;1988;29;DB
HO;DNK;1985;1991;29;DC
HO;DNK;1982;1988;29;DB
HO;FRA;1985;1991;29;DC
HO;FRA;1982;1988;29;DB
HO;GBR;1985;1991;29;DC
HO;GBR;1982;1988;29;DB
HO;IRL;1985;1991;29;DC
HO;IRL;1982;1988;29;DB
HO;ITA;1985;1991;29;DC
HO;ITA;1982;1988;29;DB
HO;LUX;1985;1991;29;DC
HO;LUX;1982;1988;29;DB
HO;NLD;1985;1991;29;DC
HO;NLD;1982;1988;29;DB
HO;NZL;1985;1991;29;DC
HO;NZL;1982;1988;29;DB
HO;SWE;1985;1991;29;DC
HO;SWE;1982;1988;29;DB
HO;UKR;1985;1991;29;DC
HO;UKR;1982;1988;29;DB
HO;USA;1985;1991;29;DC
HO;USA;1982;1988;29;DB
HO;CHE;1985;1991;29;DC
HO;CHE;1982;1988;29;DB
HO;840;1987;1993;30;SC
HO;840;1984;1990;30;SB
HO;AUS;1987;1993;30;SC
HO;AUS;1984;1990;30;SB
HO;AUT;1987;1993;30;SC
HO;AUT;1984;1990;30;SB
HO;BEL;1987;1993;30;SC
HO;BEL;1984;1990;30;SB
HO;CAN;1987;1993;30;SC
HO;CAN;1984;1990;30;SB
HO;DEU;1987;1993;30;SC
HO;DEU;1984;1990;30;SB
HO;DNK;1987;1993;30;SC
HO;DNK;1984;1990;30;SB
HO;FRA;1987;1993;30;SC
HO;FRA;1984;1990;30;SB
HO;GBR;1987;1993;30;SC
HO;GBR;1984;1990;30;SB
HO;IRL;1987;1993;30;SC
HO;IRL;1984;1990;30;SB
HO;ITA;1987;1993;30;SC
HO;ITA;1984;1990;30;SB
HO;LUX;1987;1993;30;SC
HO;LUX;1984;1990;30;SB
HO;NLD;1987;1993;30;SC
HO;NLD;1984;1990;30;SB
HO;NZL;1987;1993;30;SC
HO;NZL;1984;1990;30;SB
HO;SWE;1987;1993;30;SC
HO;SWE;1984;1990;30;SB
HO;UKR;1987;1993;30;SC
HO;UKR;1984;1990;30;SB
HO;USA;1987;1993;30;SC
HO;USA;1984;1990;30;SB
HO;CHE;1987;1993;30;SC
HO;CHE;1984;1990;30;SB
HO;840;1992;1996;31;DC
HO;840;1989;1993;31;DB
HO;AUS;1992;1996;31;DC
HO;AUS;1989;1993;31;DB
HO;AUT;1992;1996;31;DC
HO;AUT;1989;1993;31;DB
HO;BEL;1992;1996;31;DC
HO;BEL;1989;1993;31;DB
HO;CAN;1992;1996;31;DC
HO;CAN;1989;1993;31;DB
HO;DEU;1992;1996;31;DC
HO;DEU;1989;1993;31;DB
HO;DNK;1992;1996;31;DC
HO;DNK;1989;1993;31;DB
HO;FRA;1992;1996;31;DC
HO;FRA;1989;1993;31;DB
HO;GBR;1992;1996;31;DC
HO;GBR;1989;1993;31;DB
HO;IRL;1992;1996;31;DC
HO;IRL;1989;1993;31;DB
HO;ITA;1992;1996;31;DC
HO;ITA;1989;1993;31;DB
HO;LUX;1992;1996;31;DC
HO;LUX;1989;1993;31;DB
HO;NLD;1992;1996;31;DC
HO;NLD;1989;1993;31;DB
HO;NZL;1992;1996;31;DC
HO;NZL;1989;1993;31;DB
HO;SWE;1992;1996;31;DC
HO;SWE;1989;1993;31;DB
HO;UKR;1992;1996;31;DC
HO;UKR;1989;1993;31;DB
HO;USA;1992;1996;31;DC
HO;USA;1989;1993;31;DB
HO;CHE;1992;1996;31;DC
HO;CHE;1989;1993;31;DB
HO;840;1994;1998;32;SC
HO;840;1991;1995;32;SB
HO;AUS;1994;1998;32;SC
HO;AUS;1991;1995;32;SB
HO;AUT;1994;1998;32;SC
HO;AUT;1991;1995;32;SB
HO;BEL;1994;1998;32;SC
HO;BEL;1991;1995;32;SB
HO;CAN;1994;1998;32;SC
HO;CAN;1991;1995;32;SB
HO;DEU;1994;1998;32;SC
HO;DEU;1991;1995;32;SB
HO;DNK;1994;1998;32;SC
HO;DNK;1991;1995;32;SB
HO;FRA;1994;1998;32;SC
HO;FRA;1991;1995;32;SB
HO;GBR;1994;1998;32;SC
HO;GBR;1991;1995;32;SB
HO;IRL;1994;1998;32;SC
HO;IRL;1991;1995;32;SB
HO;ITA;1994;1998;32;SC
HO;ITA;1991;1995;32;SB
HO;LUX;1994;1998;32;SC
HO;LUX;1991;1995;32;SB
HO;NLD;1994;1998;32;SC
HO;NLD;1991;1995;32;SB
HO;NZL;1994;1998;32;SC
HO;NZL;1991;1995;32;SB
HO;SWE;1994;1998;32;SC
HO;SWE;1991;1995;32;SB
HO;UKR;1994;1998;32;SC
HO;UKR;1991;1995;32;SB
HO;USA;1994;1998;32;SC
HO;USA;1991;1995;32;SB
HO;CHE;1994;1998;32;SC
HO;CHE;1991;1995;32;SB
HO;840;1997;2001;33;DC
HO;840;1994;1998;33;DB
HO;AUS;1997;2001;33;DC
HO;AUS;1994;1998;33;DB
HO;AUT;1997;2001;33;DC
HO;AUT;1994;1998;33;DB
HO;BEL;1997;2001;33;DC
HO;BEL;1994;1998;33;DB
HO;CAN;1997;2001;33;DC
HO;CAN;1994;1998;33;DB
HO;DEU;1997;2001;33;DC
HO;DEU;1994;1998;33;DB
HO;DNK;1997;2001;33;DC
HO;DNK;1994;1998;33;DB
HO;FRA;1997;2001;33;DC
HO;FRA;1994;1998;33;DB
HO;GBR;1997;2001;33;DC
HO;GBR;1994;1998;33;DB
HO;IRL;1997;2001;33;DC
HO;IRL;1994;1998;33;DB
HO;ITA;1997;2001;33;DC
HO;ITA;1994;1998;33;DB
HO;LUX;1997;2001;33;DC
HO;LUX;1994;1998;33;DB
HO;NLD;1997;2001;33;DC
HO;NLD;1994;1998;33;DB
HO;NZL;1997;2001;33;DC
HO;NZL;1994;1998;33;DB
HO;SWE;1997;2001;33;DC
HO;SWE;1994;1998;33;DB
HO;UKR;1997;2001;33;DC
HO;UKR;1994;1998;33;DB
HO;USA;1997;2001;33;DC
HO;USA;1994;1998;33;DB
HO;CHE;1997;2001;33;DC
HO;CHE;1994;1998;33;DB
HO;840;1999;2003;34;SC
HO;840;1996;2000;34;SB
HO;AUS;1999;2003;34;SC
HO;AUS;1996;2000;34;SB
HO;AUT;1999;2003;34;SC
HO;AUT;1996;2000;34;SB
HO;BEL;1999;2003;34;SC
HO;BEL;1996;2000;34;SB
HO;CAN;1999;2003;34;SC
HO;CAN;1996;2000;34;SB
HO;DEU;1999;2003;34;SC
HO;DEU;1996;2000;34;SB
HO;DNK;1999;2003;34;SC
HO;DNK;1996;2000;34;SB
HO;FRA;1999;2003;34;SC
HO;FRA;1996;2000;34;SB
HO;GBR;1999;2003;34;SC
HO;GBR;1996;2000;34;SB
HO;IRL;1999;2003;34;SC
HO;IRL;1996;2000;34;SB
HO;ITA;1999;2003;34;SC
HO;ITA;1996;2000;34;SB
HO;LUX;1999;2003;34;SC
HO;LUX;1996;2000;34;SB
HO;NLD;1999;2003;34;SC
HO;NLD;1996;2000;34;SB
HO;NZL;1999;2003;34;SC
HO;NZL;1996;2000;34;SB
HO;SWE;1999;2003;34;SC
HO;SWE;1996;2000;34;SB
HO;UKR;1999;2003;34;SC
HO;UKR;1996;2000;34;SB
HO;USA;1999;2003;34;SC
HO;USA;1996;2000;34;SB
HO;CHE;1999;2003;34;SC
HO;CHE;1996;2000;34;SB
HO;840;2002;2006;35;DC
HO;840;1999;2003;35;DB
HO;AUS;2002;2006;35;DC
HO;AUS;1999;2003;35;DB
HO;AUT;2002;2006;35;DC
HO;AUT;1999;2003;35;DB
HO;BEL;2002;2006;35;DC
HO;BEL;1999;2003;35;DB
HO;CAN;2002;2006;35;DC
HO;CAN;1999;2003;35;DB
HO;DEU;2002;2006;35;DC
HO;DEU;1999;2003;35;DB
HO;DNK;2002;2006;35;DC
HO;DNK;1999;2003;35;DB
HO;FRA;2002;2006;35;DC
HO;FRA;1999;2003;35;DB
HO;GBR;2002;2006;35;DC
HO;GBR;1999;2003;35;DB
HO;IRL;2002;2006;35;DC
HO;IRL;1999;2003;35;DB
HO;ITA;2002;2006;35;DC
HO;ITA;1999;2003;35;DB
HO;LUX;2002;2006;35;DC
HO;LUX;1999;2003;35;DB
HO;NLD;2002;2006;35;DC
HO;NLD;1999;2003;35;DB
HO;NZL;2002;2006;35;DC
HO;NZL;1999;2003;35;DB
HO;SWE;2002;2006;35;DC
HO;SWE;1999;2003;35;DB
HO;UKR;2002;2006;35;DC
HO;UKR;1999;2003;35;DB
HO;USA;2002;2006;35;DC
HO;USA;1999;2003;35;DB
HO;CHE;2002;2006;35;DC
HO;CHE;1999;2003;35;DB
HO;840;2004;2008;36;SC
HO;840;2001;2005;36;SB
HO;AUS;2004;2008;36;SC
HO;AUS;2001;2005;36;SB
HO;AUT;2004;2008;36;SC
HO;AUT;2001;2005;36;SB
HO;BEL;2004;2008;36;SC
HO;BEL;2001;2005;36;SB
HO;CAN;2004;2008;36;SC
HO;CAN;2001;2005;36;SB
HO;DEU;2004;2008;36;SC
HO;DEU;2001;2005;36;SB
HO;DNK;2004;2008;36;SC
HO;DNK;2001;2005;36;SB
HO;FRA;2004;2008;36;SC
HO;FRA;2001;2005;36;SB
HO;GBR;2004;2008;36;SC
HO;GBR;2001;2005;36;SB
HO;IRL;2004;2008;36;SC
HO;IRL;2001;2005;36;SB
HO;ITA;2004;2008;36;SC
HO;ITA;2001;2005;36;SB
HO;LUX;2004;2008;36;SC
HO;LUX;2001;2005;36;SB
HO;NLD;2004;2008;36;SC
HO;NLD;2001;2005;36;SB
HO;NZL;2004;2008;36;SC
HO;NZL;2001;2005;36;SB
HO;SWE;2004;2008;36;SC
HO;SWE;2001;2005;36;SB
HO;UKR;2004;2008;36;SC
HO;UKR;2001;2005;36;SB
HO;USA;2004;2008;36;SC
HO;USA;2001;2005;36;SB
HO;CHE;2004;2008;36;SC
HO;CHE;2001;2005;36;SB
HO;840;2007;2011;37;DC
HO;840;2004;2008;37;DB
HO;AUS;2007;2011;37;DC
HO;AUS;2004;2008;37;DB
HO;AUT;2007;2011;37;DC
HO;AUT;2004;2008;37;DB
HO;BEL;2007;2011;37;DC
HO;BEL;2004;2008;37;DB
HO;CAN;2007;2011;37;DC
HO;CAN;2004;2008;37;DB
HO;DEU;2007;2011;37;DC
HO;DEU;2004;2008;37;DB
HO;DNK;2007;2011;37;DC
HO;DNK;2004;2008;37;DB
HO;FRA;2007;2011;37;DC
HO;FRA;2004;2008;37;DB
HO;GBR;2007;2011;37;DC
HO;GBR;2004;2008;37;DB
HO;IRL;2007;2011;37;DC
HO;IRL;2004;2008;37;DB
HO;ITA;2007;2011;37;DC
HO;ITA;2004;2008;37;DB
HO;LUX;2007;2011;37;DC
HO;LUX;2004;2008;37;DB
HO;NLD;2007;2011;37;DC
HO;NLD;2004;2008;37;DB
HO;NZL;2007;2011;37;DC
HO;NZL;2004;2008;37;DB
HO;SWE;2007;2011;37;DC
HO;SWE;2004;2008;37;DB
HO;UKR;2007;2011;37;DC
HO;UKR;2004;2008;37;DB
HO;USA;2007;2011;37;DC
HO;USA;2004;2008;37;DB
HO;CHE;2007;2011;37;DC
HO;CHE;2004;2008;37;DB
HO;840;2009;2013;38;SC
HO;840;2006;2010;38;SB
HO;AUS;2009;2013;38;SC
HO;AUS;2006;2010;38;SB
HO;AUT;2009;2013;38;SC
HO;AUT;2006;2010;38;SB
HO;BEL;2009;2013;38;SC
HO;BEL;2006;2010;38;SB
HO;CAN;2009;2013;38;SC
HO;CAN;2006;2010;38;SB
HO;DEU;2009;2013;38;SC
HO;DEU;2006;2010;38;SB
HO;DNK;2009;2013;38;SC
HO;DNK;2006;2010;38;SB
HO;FRA;2009;2013;38;SC
HO;FRA;2006;2010;38;SB
HO;GBR;2009;2013;38;SC
HO;GBR;2006;2010;38;SB
HO;IRL;2009;2013;38;SC
HO;IRL;2006;2010;38;SB
HO;ITA;2009;2013;38;SC
HO;ITA;2006;2010;38;SB
HO;LUX;2009;2013;38;SC
HO;LUX;2006;2010;38;SB
HO;NLD;2009;2013;38;SC
HO;NLD;2006;2010;38;SB
HO;NZL;2009;2013;38;SC
HO;NZL;2006;2010;38;SB
HO;SWE;2009;2013;38;SC
HO;SWE;2006;2010;38;SB
HO;UKR;2009;2013;38;SC
HO;UKR;2006;2010;38;SB
HO;USA;2009;2013;38;SC
HO;USA;2006;2010;38;SB
HO;CHE;2009;2013;38;SC
HO;CHE;2006;2010;38;SB
HO;840;2012;2016;39;DC
HO;840;2009;2013;39;DB
HO;AUS;2012;2016;39;DC
HO;AUS;2009;2013;39;DB
HO;AUT;2012;2016;39;DC
HO;AUT;2009;2013;39;DB
HO;BEL;2012;2016;39;DC
HO;BEL;2009;2013;39;DB
HO;CAN;2012;2016;39;DC
HO;CAN;2009;2013;39;DB
HO;DEU;2012;2016;39;DC
HO;DEU;2009;2013;39;DB
HO;DNK;2012;2016;39;DC
HO;DNK;2009;2013;39;DB
HO;FRA;2012;2016;39;DC
HO;FRA;2009;2013;39;DB
HO;GBR;2012;2016;39;DC
HO;GBR;2009;2013;39;DB
HO;IRL;2012;2016;39;DC
HO;IRL;2009;2013;39;DB
HO;ITA;2012;2016;39;DC
HO;ITA;2009;2013;39;DB
HO;LUX;2012;2016;39;DC
HO;LUX;2009;2013;39;DB
HO;NLD;2012;2016;39;DC
HO;NLD;2009;2013;39;DB
HO;NZL;2012;2016;39;DC
HO;NZL;2009;2013;39;DB
HO;SWE;2012;2016;39;DC
HO;SWE;2009;2013;39;DB
HO;UKR;2012;2016;39;DC
HO;UKR;2009;2013;39;DB
HO;USA;2012;2016;39;DC
HO;USA;2009;2013;39;DB
HO;CHE;2012;2016;39;DC
HO;CHE;2009;2013;39;DB
HO;840;2014;2018;40;SC
HO;840;2011;2015;40;SB
HO;AUS;2014;2018;40;SC
HO;AUS;2011;2015;40;SB
HO;AUT;2014;2018;40;SC
HO;AUT;2011;2015;40;SB
HO;BEL;2014;2018;40;SC
HO;BEL;2011;2015;40;SB
HO;CAN;2014;2018;40;SC
HO;CAN;2011;2015;40;SB
HO;DEU;2014;2018;40;SC
HO;DEU;2011;2015;40;SB
HO;DNK;2014;2018;40;SC
HO;DNK;2011;2015;40;SB
HO;FRA;2014;2018;40;SC
HO;FRA;2011;2015;40;SB
HO;GBR;2014;2018;40;SC
HO;GBR;2011;2015;40;SB
HO;IRL;2014;2018;40;SC
HO;IRL;2011;2015;40;SB
HO;ITA;2014;2018;40;SC
HO;ITA;2011;2015;40;SB
HO;LUX;2014;2018;40;SC
HO;LUX;2011;2015;40;SB
HO;NLD;2014;2018;40;SC
HO;NLD;2011;2015;40;SB
HO;NZL;2014;2018;40;SC
HO;NZL;2011;2015;40;SB
HO;SWE;2014;2018;40;SC
HO;SWE;2011;2015;40;SB
HO;UKR;2014;2018;40;SC
HO;UKR;2011;2015;40;SB
HO;USA;2014;2018;40;SC
HO;USA;2011;2015;40;SB
HO;CHE;2014;2018;40;SC
HO;CHE;2011;2015;40;SB
HO;840;2017;2100;41;DC
HO;840;2014;2100;41;DB
HO;AUS;2017;2100;41;DC
HO;AUS;2014;2100;41;DB
HO;AUT;2017;2100;41;DC
HO;AUT;2014;2100;41;DB
HO;BEL;2017;2100;41;DC
HO;BEL;2014;2100;41;DB
HO;CAN;2017;2100;41;DC
HO;CAN;2014;2100;41;DB
HO;DEU;2017;2100;41;DC
HO;DEU;2014;2100;41;DB
HO;DNK;2017;2100;41;DC
HO;DNK;2014;2100;41;DB
HO;FRA;2017;2100;41;DC
HO;FRA;2014;2100;41;DB
HO;GBR;2017;2100;41;DC
HO;GBR;2014;2100;41;DB
HO;IRL;2017;2100;41;DC
HO;IRL;2014;2100;41;DB
HO;ITA;2017;2100;41;DC
HO;ITA;2014;2100;41;DB
HO;LUX;2017;2100;41;DC
HO;LUX;2014;2100;41;DB
HO;NLD;2017;2100;41;DC
HO;NLD;2014;2100;41;DB
HO;NZL;2017;2100;41;DC
HO;NZL;2014;2100;41;DB
HO;SWE;2017;2100;41;DC
HO;SWE;2014;2100;41;DB
HO;UKR;2017;2100;41;DC
HO;UKR;2014;2100;41;DB
HO;USA;2017;2100;41;DC
HO;USA;2014;2100;41;DB
HO;CHE;2017;2100;41;DC
HO;CHE;2014;2100;41;DB
HO;840;2019;2100;42;SC
HO;840;2016;2100;42;SB
HO;AUS;2019;2100;42;SC
HO;AUS;2016;2100;42;SB
HO;AUT;2019;2100;42;SC
HO;AUT;2016;2100;42;SB
HO;BEL;2019;2100;42;SC
HO;BEL;2016;2100;42;SB
HO;CAN;2019;2100;42;SC
HO;CAN;2016;2100;42;SB
HO;DEU;2019;2100;42;SC
HO;DEU;2016;2100;42;SB
HO;DNK;2019;2100;42;SC
HO;DNK;2016;2100;42;SB
HO;FRA;2019;2100;42;SC
HO;FRA;2016;2100;42;SB
HO;GBR;2019;2100;42;SC
HO;GBR;2016;2100;42;SB
HO;IRL;2019;2100;42;SC
HO;IRL;2016;2100;42;SB
HO;ITA;2019;2100;42;SC
HO;ITA;2016;2100;42;SB
HO;LUX;2019;2100;42;SC
HO;LUX;2016;2100;42;SB
HO;NLD;2019;2100;42;SC
HO;NLD;2016;2100;42;SB
HO;NZL;2019;2100;42;SC
HO;NZL;2016;2100;42;SB
HO;SWE;2019;2100;42;SC
HO;SWE;2016;2100;42;SB
HO;UKR;2019;2100;42;SC
HO;UKR;2016;2100;42;SB
HO;USA;2019;2100;42;SC
HO;USA;2016;2100;42;SB
HO;CHE;2019;2100;42;SC
HO;CHE;2016;2100;42;SB
IN;AUT;1900;1990;43;DC
IN;AUT;1900;1987;43;DB
IN;DEU;1900;1990;43;DC
IN;DEU;1900;1987;43;DB
IN;FRA;1900;1990;43;DC
IN;FRA;1900;1987;43;DB
IN;ITA;1900;1990;43;DC
IN;ITA;1900;1987;43;DB
IN;CHE;1900;1990;43;DC
IN;CHE;1900;1987;43;DB
IN;AUT;1900;1992;44;SC
IN;AUT;1900;1989;44;SB
IN;DEU;1900;1992;44;SC
IN;DEU;1900;1989;44;SB
IN;FRA;1900;1992;44;SC
IN;FRA;1900;1989;44;SB
IN;ITA;1900;1992;44;SC
IN;ITA;1900;1989;44;SB
IN;CHE;1900;1992;44;SC
IN;CHE;1900;1989;44;SB
IN;AUT;1991;1995;45;DC
IN;AUT;1988;1992;45;DB
IN;DEU;1991;1995;45;DC
IN;DEU;1988;1992;45;DB
IN;FRA;1991;1995;45;DC
IN;FRA;1988;1992;45;DB
IN;ITA;1991;1995;45;DC
IN;ITA;1988;1992;45;DB
IN;CHE;1991;1995;45;DC
IN;CHE;1988;1992;45;DB
IN;AUT;1993;1997;46;SC
IN;AUT;1990;1994;46;SB
IN;DEU;1993;1997;46;SC
IN;DEU;1990;1994;46;SB
IN;FRA;1993;1997;46;SC
IN;FRA;1990;1994;46;SB
IN;ITA;1993;1997;46;SC
IN;ITA;1990;1994;46;SB
IN;CHE;1993;1997;46;SC
IN;CHE;1990;1994;46;SB
IN;AUT;1996;2000;47;DC
IN;AUT;1993;1997;47;DB
IN;DEU;1996;2000;47;DC
IN;DEU;1993;1997;47;DB
IN;FRA;1996;2000;47;DC
IN;FRA;1993;1997;47;DB
IN;ITA;1996;2000;47;DC
IN;ITA;1993;1997;47;DB
IN;CHE;1996;2000;47;DC
IN;CHE;1993;1997;47;DB
IN;AUT;1998;2002;48;SC
IN;AUT;1995;1999;48;SB
IN;DEU;1998;2002;48;SC
IN;DEU;1995;1999;48;SB
IN;FRA;1998;2002;48;SC
IN;FRA;1995;1999;48;SB
IN;ITA;1998;2002;48;SC
IN;ITA;1995;1999;48;SB
IN;CHE;1998;2002;48;SC
IN;CHE;1995;1999;48;SB
IN;AUT;2001;2005;49;DC
IN;AUT;1998;2002;49;DB
IN;DEU;2001;2005;49;DC
IN;DEU;1998;2002;49;DB
IN;FRA;2001;2005;49;DC
IN;FRA;1998;2002;49;DB
IN;ITA;2001;2005;49;DC
IN;ITA;1998;2002;49;DB
IN;CHE;2001;2005;49;DC
IN;CHE;1998;2002;49;DB
IN;AUT;2003;2007;50;SC
IN;AUT;2000;2004;50;SB
IN;DEU;2003;2007;50;SC
IN;DEU;2000;2004;50;SB
IN;FRA;2003;2007;50;SC
IN;FRA;2000;2004;50;SB
IN;ITA;2003;2007;50;SC
IN;ITA;2000;2004;50;SB
IN;CHE;2003;2007;50;SC
IN;CHE;2000;2004;50;SB
IN;AUT;2006;2010;51;DC
IN;AUT;2003;2007;51;DB
IN;DEU;2006;2010;51;DC
IN;DEU;2003;2007;51;DB
IN;FRA;2006;2010;51;DC
IN;FRA;2003;2007;51;DB
IN;ITA;2006;2010;51;DC
IN;ITA;2003;2007;51;DB
IN;CHE;2006;2010;51;DC
IN;CHE;2003;2007;51;DB
IN;AUT;2008;2012;52;SC
IN;AUT;2005;2009;52;SB
IN;DEU;2008;2012;52;SC
IN;DEU;2005;2009;52;SB
IN;FRA;2008;2012;52;SC
IN;FRA;2005;2009;52;SB
IN;ITA;2008;2012;52;SC
IN;ITA;2005;2009;52;SB
IN;CHE;2008;2012;52;SC
IN;CHE;2005;2009;52;SB
IN;AUT;2011;2015;53;DC
IN;AUT;2008;2012;53;DB
IN;DEU;2011;2015;53;DC
IN;DEU;2008;2012;53;DB
IN;FRA;2011;2015;53;DC
IN;FRA;2008;2012;53;DB
IN;ITA;2011;2015;53;DC
IN;ITA;2008;2012;53;DB
IN;CHE;2011;2015;53;DC
IN;CHE;2008;2012;53;DB
IN;AUT;2013;2017;54;SC
IN;AUT;2010;2014;54;SB
IN;DEU;2013;2017;54;SC
IN;DEU;2010;2014;54;SB
IN;FRA;2013;2017;54;SC
IN;FRA;2010;2014;54;SB
IN;ITA;2013;2017;54;SC
IN;ITA;2010;2014;54;SB
IN;CHE;2013;2017;54;SC
IN;CHE;2010;2014;54;SB
IN;AUT;2016;2100;55;DC
IN;AUT;2013;2100;55;DB
IN;DEU;2016;2100;55;DC
IN;DEU;2013;2100;55;DB
IN;FRA;2016;2100;55;DC
IN;FRA;2013;2100;55;DB
IN;ITA;2016;2100;55;DC
IN;ITA;2013;2100;55;DB
IN;CHE;2016;2100;55;DC
IN;CHE;2013;2100;55;DB
IN;AUT;2018;2100;56;SC
IN;AUT;2015;2100;56;SB
IN;DEU;2018;2100;56;SC
IN;DEU;2015;2100;56;SB
IN;FRA;2018;2100;56;SC
IN;FRA;2015;2100;56;SB
IN;ITA;2018;2100;56;SC
IN;ITA;2015;2100;56;SB
IN;CHE;2018;2100;56;SC
IN;CHE;2015;2100;56;SB
JE;840;1900;2100;57;DC
JE;840;1900;2100;57;DB
JE;AUS;1900;2100;57;DC
JE;AUS;1900;2100;57;DB
JE;CAN;1900;2100;57;DC
JE;CAN;1900;2100;57;DB
JE;DEU;1900;2100;57;DC
JE;DEU;1900;2100;57;DB
JE;DNK;1900;2100;57;DC
JE;DNK;1900;2100;57;DB
JE;FRA;1900;2100;57;DC
JE;FRA;1900;2100;57;DB
JE;INC;1900;2100;57;DC
JE;INC;1900;2100;57;DB
JE;IRL;1900;2100;57;DC
JE;IRL;1900;2100;57;DB
JE;ITA;1900;2100;57;DC
JE;ITA;1900;2100;57;DB
JE;NZL;1900;2100;57;DC
JE;NZL;1900;2100;57;DB
JE;UKR;1900;2100;57;DC
JE;UKR;1900;2100;57;DB
JE;USA;1900;2100;57;DC
JE;USA;1900;2100;57;DB
JE;CHE;1900;2100;57;DC
JE;CHE;1900;2100;57;DB
JE;840;1900;2100;58;SC
JE;840;1900;2100;58;SB
JE;AUS;1900;2100;58;SC
JE;AUS;1900;2100;58;SB
JE;CAN;1900;2100;58;SC
JE;CAN;1900;2100;58;SB
JE;DEU;1900;2100;58;SC
JE;DEU;1900;2100;58;SB
JE;DNK;1900;2100;58;SC
JE;DNK;1900;2100;58;SB
JE;FRA;1900;2100;58;SC
JE;FRA;1900;2100;58;SB
JE;INC;1900;2100;58;SC
JE;INC;1900;2100;58;SB
JE;IRL;1900;2100;58;SC
JE;IRL;1900;2100;58;SB
JE;ITA;1900;2100;58;SC
JE;ITA;1900;2100;58;SB
JE;NZL;1900;2100;58;SC
JE;NZL;1900;2100;58;SB
JE;UKR;1900;2100;58;SC
JE;UKR;1900;2100;58;SB
JE;USA;1900;2100;58;SC
JE;USA;1900;2100;58;SB
JE;CHE;1900;2100;58;SC
JE;CHE;1900;2100;58;SB
KR;AUT;1900;2001;59;DC
KR;AUT;1900;1998;59;DB
KR;BEL;1900;2001;59;DC
KR;BEL;1900;1998;59;DB
KR;DEU;1900;2001;59;DC
KR;DEU;1900;1998;59;DB
KR;DNK;1900;2001;59;DC
KR;DNK;1900;1998;59;DB
KR;FRA;1900;2001;59;DC
KR;FRA;1900;1998;59;DB
KR;ITA;1900;2001;59;DC
KR;ITA;1900;1998;59;DB
KR;NLD;1900;2001;59;DC
KR;NLD;1900;1998;59;DB
KR;NOR;1900;2001;59;DC
KR;NOR;1900;1998;59;DB
KR;SWE;1900;2001;59;DC
KR;SWE;1900;1998;59;DB
KR;USA;1900;2001;59;DC
KR;USA;1900;1998;59;DB
KR;CHE;1900;2001;59;DC
KR;CHE;1900;1998;59;DB
KR;AUT;1900;2003;60;SC
KR;AUT;1900;2000;60;SB
KR;BEL;1900;2003;60;SC
KR;BEL;1900;2000;60;SB
KR;DEU;1900;2003;60;SC
KR;DEU;1900;2000;60;SB
KR;DNK;1900;2003;60;SC
KR;DNK;1900;2000;60;SB
KR;FRA;1900;2003;60;SC
KR;FRA;1900;2000;60;SB
KR;ITA;1900;2003;60;SC
KR;ITA;1900;2000;60;SB
KR;NLD;1900;2003;60;SC
KR;NLD;1900;2000;60;SB
KR;NOR;1900;2003;60;SC
KR;NOR;1900;2000;60;SB
KR;SWE;1900;2003;60;SC
KR;SWE;1900;2000;60;SB
KR;USA;1900;2003;60;SC
KR;USA;1900;2000;60;SB
KR;CHE;1900;2003;60;SC
KR;CHE;1900;2000;60;SB
KR;AUT;2002;2006;61;DC
KR;AUT;1999;2003;61;DB
KR;BEL;2002;2006;61;DC
KR;BEL;1999;2003;61;DB
KR;DEU;2002;2006;61;DC
KR;DEU;1999;2003;61;DB
KR;DNK;2002;2006;61;DC
KR;DNK;1999;2003;61;DB
KR;FRA;2002;2006;61;DC
KR;FRA;1999;2003;61;DB
KR;ITA;2002;2006;61;DC
KR;ITA;1999;2003;61;DB
KR;NLD;2002;2006;61;DC
KR;NLD;1999;2003;61;DB
KR;NOR;2002;2006;61;DC
KR;NOR;1999;2003;61;DB
KR;SWE;2002;2006;61;DC
KR;SWE;1999;2003;61;DB
KR;USA;2002;2006;61;DC
KR;USA;1999;2003;61;DB
KR;CHE;2002;2006;61;DC
KR;CHE;1999;2003;61;DB
KR;AUT;2004;2008;62;SC
KR;AUT;2001;2005;62;SB
KR;BEL;2004;2008;62;SC
KR;BEL;2001;2005;62;SB
KR;DEU;2004;2008;62;SC
KR;DEU;2001;2005;62;SB
KR;DNK;2004;2008;62;SC
KR;DNK;2001;2005;62;SB
KR;FRA;2004;2008;62;SC
KR;FRA;2001;2005;62;SB
KR;ITA;2004;2008;62;SC
KR;ITA;2001;2005;62;SB
KR;NLD;2004;2008;62;SC
KR;NLD;2001;2005;62;SB
KR;NOR;2004;2008;62;SC
KR;NOR;2001;2005;62;SB
KR;SWE;2004;2008;62;SC
KR;SWE;2001;2005;62;SB
KR;USA;2004;2008;62;SC
KR;USA;2001;2005;62;SB
KR;CHE;2004;2008;62;SC
KR;CHE;2001;2005;62;SB
KR;AUT;2007;2011;63;DC
KR;AUT;2004;2008;63;DB
KR;BEL;2007;2011;63;DC
KR;BEL;2004;2008;63;DB
KR;DEU;2007;2011;63;DC
KR;DEU;2004;2008;63;DB
KR;DNK;2007;2011;63;DC
KR;DNK;2004;2008;63;DB
KR;FRA;2007;2011;63;DC
KR;FRA;2004;2008;63;DB
KR;ITA;2007;2011;63;DC
KR;ITA;2004;2008;63;DB
KR;NLD;2007;2011;63;DC
KR;NLD;2004;2008;63;DB
KR;NOR;2007;2011;63;DC
KR;NOR;2004;2008;63;DB
KR;SWE;2007;2011;63;DC
KR;SWE;2004;2008;63;DB
KR;USA;2007;2011;63;DC
KR;USA;2004;2008;63;DB
KR;CHE;2007;2011;63;DC
KR;CHE;2004;2008;63;DB
KR;AUT;2009;2013;64;SC
KR;AUT;2006;2010;64;SB
KR;BEL;2009;2013;64;SC
KR;BEL;2006;2010;64;SB
KR;DEU;2009;2013;64;SC
KR;DEU;2006;2010;64;SB
KR;DNK;2009;2013;64;SC
KR;DNK;2006;2010;64;SB
KR;FRA;2009;2013;64;SC
KR;FRA;2006;2010;64;SB
KR;ITA;2009;2013;64;SC
KR;ITA;2006;2010;64;SB
KR;NLD;2009;2013;64;SC
KR;NLD;2006;2010;64;SB
KR;NOR;2009;2013;64;SC
KR;NOR;2006;2010;64;SB
KR;SWE;2009;2013;64;SC
KR;SWE;2006;2010;64;SB
KR;USA;2009;2013;64;SC
KR;USA;2006;2010;64;SB
KR;CHE;2009;2013;64;SC
KR;CHE;2006;2010;64;SB
KR;AUT;2012;2016;65;DC
KR;AUT;2009;2013;65;DB
KR;BEL;2012;2016;65;DC
KR;BEL;2009;2013;65;DB
KR;DEU;2012;2016;65;DC
KR;DEU;2009;2013;65;DB
KR;DNK;2012;2016;65;DC
KR;DNK;2009;2013;65;DB
KR;FRA;2012;2016;65;DC
KR;FRA;2009;2013;65;DB
KR;ITA;2012;2016;65;DC
KR;ITA;2009;2013;65;DB
KR;NLD;2012;2016;65;DC
KR;NLD;2009;2013;65;DB
KR;NOR;2012;2016;65;DC
KR;NOR;2009;2013;65;DB
KR;SWE;2012;2016;65;DC
KR;SWE;2009;2013;65;DB
KR;USA;2012;2016;65;DC
KR;USA;2009;2013;65;DB
KR;CHE;2012;2016;65;DC
KR;CHE;2009;2013;65;DB
KR;AUT;2014;2018;66;SC
KR;AUT;2011;2015;66;SB
KR;BEL;2014;2018;66;SC
KR;BEL;2011;2015;66;SB
KR;DEU;2014;2018;66;SC
KR;DEU;2011;2015;66;SB
KR;DNK;2014;2018;66;SC
KR;DNK;2011;2015;66;SB
KR;FRA;2014;2018;66;SC
KR;FRA;2011;2015;66;SB
KR;ITA;2014;2018;66;SC
KR;ITA;2011;2015;66;SB
KR;NLD;2014;2018;66;SC
KR;NLD;2011;2015;66;SB
KR;NOR;2014;2018;66;SC
KR;NOR;2011;2015;66;SB
KR;SWE;2014;2018;66;SC
KR;SWE;2011;2015;66;SB
KR;USA;2014;2018;66;SC
KR;USA;2011;2015;66;SB
KR;CHE;2014;2018;66;SC
KR;CHE;2011;2015;66;SB
KR;AUT;2017;2100;67;DC
KR;AUT;2014;2100;67;DB
KR;BEL;2017;2100;67;DC
KR;BEL;2014;2100;67;DB
KR;DEU;2017;2100;67;DC
KR;DEU;2014;2100;67;DB
KR;DNK;2017;2100;67;DC
KR;DNK;2014;2100;67;DB
KR;FRA;2017;2100;67;DC
KR;FRA;2014;2100;67;DB
KR;ITA;2017;2100;67;DC
KR;ITA;2014;2100;67;DB
KR;NLD;2017;2100;67;DC
KR;NLD;2014;2100;67;DB
KR;NOR;2017;2100;67;DC
KR;NOR;2014;2100;67;DB
KR;SWE;2017;2100;67;DC
KR;SWE;2014;2100;67;DB
KR;USA;2017;2100;67;DC
KR;USA;2014;2100;67;DB
KR;CHE;2017;2100;67;DC
KR;CHE;2014;2100;67;DB
KR;AUT;2019;2100;68;SC
KR;AUT;2016;2100;68;SB
KR;BEL;2019;2100;68;SC
KR;BEL;2016;2100;68;SB
KR;DEU;2019;2100;68;SC
KR;DEU;2016;2100;68;SB
KR;DNK;2019;2100;68;SC
KR;DNK;2016;2100;68;SB
KR;FRA;2019;2100;68;SC
KR;FRA;2016;2100;68;SB
KR;ITA;2019;2100;68;SC
KR;ITA;2016;2100;68;SB
KR;NLD;2019;2100;68;SC
KR;NLD;2016;2100;68;SB
KR;NOR;2019;2100;68;SC
KR;NOR;2016;2100;68;SB
KR;SWE;2019;2100;68;SC
KR;SWE;2016;2100;68;SB
KR;USA;2019;2100;68;SC
KR;USA;2016;2100;68;SB
KR;CHE;2019;2100;68;SC
KR;CHE;2016;2100;68;SB
LM;CHE;1900;2010;69;DC
LM;CHE;1900;2007;69;DB
LM;CHE;1900;2012;70;SC
LM;CHE;1900;2009;70;SB
LM;CHE;2011;2015;71;DC
LM;CHE;2008;2012;71;DB
LM;CHE;2013;2017;72;SC
LM;CHE;2010;2014;72;SB
LM;CHE;2016;2100;73;DC
LM;CHE;2013;2100;73;DB
LM;CHE;2018;2100;74;SC
LM;CHE;2015;2100;74;SB
LM;AUT;1900;2100;75;DC
LM;AUT;1900;2100;75;DB
LM;BEL;1900;2100;75;DC
LM;BEL;1900;2100;75;DB
LM;CAN;1900;2100;75;DC
LM;CAN;1900;2100;75;DB
LM;CZE;1900;2100;75;DC
LM;CZE;1900;2100;75;DB
LM;DEU;1900;2100;75;DC
LM;DEU;1900;2100;75;DB
LM;DNK;1900;2100;75;DC
LM;DNK;1900;2100;75;DB
LM;GBR;1900;2100;75;DC
LM;GBR;1900;2100;75;DB
LM;IRL;1900;2100;75;DC
LM;IRL;1900;2100;75;DB
LM;ITA;1900;2100;75;DC
LM;ITA;1900;2100;75;DB
LM;LIM;1900;2100;75;DC
LM;LIM;1900;2100;75;DB
LM;LUX;1900;2100;75;DC
LM;LUX;1900;2100;75;DB
LM;SWE;1900;2100;75;DC
LM;SWE;1900;2100;75;DB
LM;USA;1900;2100;75;DC
LM;USA;1900;2100;75;DB
LM;FRA;1900;2100;75;DC
LM;FRA;1900;2100;75;DB
LM;AUT;1900;2100;76;SC
LM;AUT;1900;2100;76;SB
LM;BEL;1900;2100;76;SC
LM;BEL;1900;2100;76;SB
LM;CAN;1900;2100;76;SC
LM;CAN;1900;2100;76;SB
LM;CZE;1900;2100;76;SC
LM;CZE;1900;2100;76;SB
LM;DEU;1900;2100;76;SC
LM;DEU;1900;2100;76;SB
LM;DNK;1900;2100;76;SC
LM;DNK;1900;2100;76;SB
LM;GBR;1900;2100;76;SC
LM;GBR;1900;2100;76;SB
LM;IRL;1900;2100;76;SC
LM;IRL;1900;2100;76;SB
LM;ITA;1900;2100;76;SC
LM;ITA;1900;2100;76;SB
LM;LIM;1900;2100;76;SC
LM;LIM;1900;2100;76;SB
LM;LUX;1900;2100;76;SC
LM;LUX;1900;2100;76;SB
LM;SWE;1900;2100;76;SC
LM;SWE;1900;2100;76;SB
LM;USA;1900;2100;76;SC
LM;USA;1900;2100;76;SB
LM;FRA;1900;2100;76;SC
LM;FRA;1900;2100;76;SB
MO;AUT;1900;1998;77;DC
MO;AUT;1900;1995;77;DB
MO;FRA;1900;1998;77;DC
MO;FRA;1900;1995;77;DB
MO;CHE;1900;1998;77;DC
MO;CHE;1900;1995;77;DB
MO;AUT;1900;2000;78;SC
MO;AUT;1900;1997;78;SB
MO;FRA;1900;2000;78;SC
MO;FRA;1900;1997;78;SB
MO;CHE;1900;2000;78;SC
MO;CHE;1900;1997;78;SB
MO;AUT;1999;2004;79;DC
MO;AUT;1996;2001;79;DB
MO;FRA;1999;2004;79;DC
MO;FRA;1996;2001;79;DB
MO;CHE;1999;2004;79;DC
MO;CHE;1996;2001;79;DB
MO;AUT;2001;2006;80;SC
MO;AUT;1998;2003;80;SB
MO;FRA;2001;2006;80;SC
MO;FRA;1998;2003;80;SB
MO;CHE;2001;2006;80;SC
MO;CHE;1998;2003;80;SB
MO;AUT;2005;2009;81;DC
MO;AUT;2002;2006;81;DB
MO;FRA;2005;2009;81;DC
MO;FRA;2002;2006;81;DB
MO;CHE;2005;2009;81;DC
MO;CHE;2002;2006;81;DB
MO;AUT;2007;2011;82;SC
MO;AUT;2004;2008;82;SB
MO;FRA;2007;2011;82;SC
MO;FRA;2004;2008;82;SB
MO;CHE;2007;2011;82;SC
MO;CHE;2004;2008;82;SB
MO;AUT;2010;2014;83;DC
MO;AUT;2007;2011;83;DB
MO;FRA;2010;2014;83;DC
MO;FRA;2007;2011;83;DB
MO;CHE;2010;2014;83;DC
MO;CHE;2007;2011;83;DB
MO;AUT;2012;2016;84;SC
MO;AUT;2009;2013;84;SB
MO;FRA;2012;2016;84;SC
MO;FRA;2009;2013;84;SB
MO;CHE;2012;2016;84;SC
MO;CHE;2009;2013;84;SB
MO;AUT;2015;2100;85;DC
MO;AUT;2012;2100;85;DB
MO;FRA;2015;2100;85;DC
MO;FRA;2012;2100;85;DB
MO;CHE;2015;2100;85;DC
MO;CHE;2012;2100;85;DB
MO;AUT;2017;2100;86;SC
MO;AUT;2014;2100;86;SB
MO;FRA;2017;2100;86;SC
MO;FRA;2014;2100;86;SB
MO;CHE;2017;2100;86;SC
MO;CHE;2014;2100;86;SB
OB;AUT;1900;1977;87;DC
OB;AUT;1900;1974;87;DB
OB;CAN;1900;1977;87;DC
OB;CAN;1900;1974;87;DB
OB;DEU;1900;1977;87;DC
OB;DEU;1900;1974;87;DB
OB;USA;1900;1977;87;DC
OB;USA;1900;1974;87;DB
OB;CHE;1900;1977;87;DC
OB;CHE;1900;1974;87;DB
OB;AUT;1900;1979;88;SC
OB;AUT;1900;1976;88;SB
OB;CAN;1900;1979;88;SC
OB;CAN;1900;1976;88;SB
OB;DEU;1900;1979;88;SC
OB;DEU;1900;1976;88;SB
OB;USA;1900;1979;88;SC
OB;USA;1900;1976;88;SB
OB;CHE;1900;1979;88;SC
OB;CHE;1900;1976;88;SB
OB;AUT;1978;1985;89;DC
OB;AUT;1975;1982;89;DB
OB;CAN;1978;1985;89;DC
OB;CAN;1975;1982;89;DB
OB;DEU;1978;1985;89;DC
OB;DEU;1975;1982;89;DB
OB;USA;1978;1985;89;DC
OB;USA;1975;1982;89;DB
OB;CHE;1978;1985;89;DC
OB;CHE;1975;1982;89;DB
OB;AUT;1980;1987;90;SC
OB;AUT;1977;1984;90;SB
OB;CAN;1980;1987;90;SC
OB;CAN;1977;1984;90;SB
OB;DEU;1980;1987;90;SC
OB;DEU;1977;1984;90;SB
OB;USA;1980;1987;90;SC
OB;USA;1977;1984;90;SB
OB;CHE;1980;1987;90;SC
OB;CHE;1977;1984;90;SB
OB;AUT;1986;2100;91;DC
OB;AUT;1983;2100;91;DB
OB;CAN;1986;2100;91;DC
OB;CAN;1983;2100;91;DB
OB;DEU;1986;2100;91;DC
OB;DEU;1983;2100;91;DB
OB;USA;1986;2100;91;DC
OB;USA;1983;2100;91;DB
OB;CHE;1986;2100;91;DC
OB;CHE;1983;2100;91;DB
OB;AUT;1988;2100;92;SC
OB;AUT;1985;2100;92;SB
OB;CAN;1988;2100;92;SC
OB;CAN;1985;2100;92;SB
OB;DEU;1988;2100;92;SC
OB;DEU;1985;2100;92;SB
OB;USA;1988;2100;92;SC
OB;USA;1985;2100;92;SB
OB;CHE;1988;2100;92;SC
OB;CHE;1985;2100;92;SB
SF;AUT;1900;1980;93;DC
SF;AUT;1900;1977;93;DB
SF;DEU;1900;1980;93;DC
SF;DEU;1900;1977;93;DB
SF;FRA;1900;1980;93;DC
SF;FRA;1900;1977;93;DB
SF;ITA;1900;1980;93;DC
SF;ITA;1900;1977;93;DB
SF;CHE;1900;1980;93;DC
SF;CHE;1900;1977;93;DB
SF;AUT;1900;1982;94;SC
SF;AUT;1900;1979;94;SB
SF;DEU;1900;1982;94;SC
SF;DEU;1900;1979;94;SB
SF;FRA;1900;1982;94;SC
SF;FRA;1900;1979;94;SB
SF;ITA;1900;1982;94;SC
SF;ITA;1900;1979;94;SB
SF;CHE;1900;1982;94;SC
SF;CHE;1900;1979;94;SB
SF;AUT;1981;1985;95;DC
SF;AUT;1978;1982;95;DB
SF;DEU;1981;1985;95;DC
SF;DEU;1978;1982;95;DB
SF;FRA;1981;1985;95;DC
SF;FRA;1978;1982;95;DB
SF;ITA;1981;1985;95;DC
SF;ITA;1978;1982;95;DB
SF;CHE;1981;1985;95;DC
SF;CHE;1978;1982;95;DB
SF;AUT;1983;1987;96;SC
SF;AUT;1980;1984;96;SB
SF;DEU;1983;1987;96;SC
SF;DEU;1980;1984;96;SB
SF;FRA;1983;1987;96;SC
SF;FRA;1980;1984;96;SB
SF;ITA;1983;1987;96;SC
SF;ITA;1980;1984;96;SB
SF;CHE;1983;1987;96;SC
SF;CHE;1980;1984;96;SB
SF;AUT;1986;1990;97;DC
SF;AUT;1983;1987;97;DB
SF;DEU;1986;1990;97;DC
SF;DEU;1983;1987;97;DB
SF;FRA;1986;1990;97;DC
SF;FRA;1983;1987;97;DB
SF;ITA;1986;1990;97;DC
SF;ITA;1983;1987;97;DB
SF;CHE;1986;1990;97;DC
SF;CHE;1983;1987;97;DB
SF;AUT;1988;1992;98;SC
SF;AUT;1985;1989;98;SB
SF;DEU;1988;1992;98;SC
SF;DEU;1985;1989;98;SB
SF;FRA;1988;1992;98;SC
SF;FRA;1985;1989;98;SB
SF;ITA;1988;1992;98;SC
SF;ITA;1985;1989;98;SB
SF;CHE;1988;1992;98;SC
SF;CHE;1985;1989;98;SB
SF;AUT;1991;1995;99;DC
SF;AUT;1988;1992;99;DB
SF;DEU;1991;1995;99;DC
SF;DEU;1988;1992;99;DB
SF;FRA;1991;1995;99;DC
SF;FRA;1988;1992;99;DB
SF;ITA;1991;1995;99;DC
SF;ITA;1988;1992;99;DB
SF;CHE;1991;1995;99;DC
SF;CHE;1988;1992;99;DB
SF;AUT;1993;1997;100;SC
SF;AUT;1990;1994;100;SB
SF;DEU;1993;1997;100;SC
SF;DEU;1990;1994;100;SB
SF;FRA;1993;1997;100;SC
SF;FRA;1990;1994;100;SB
SF;ITA;1993;1997;100;SC
SF;ITA;1990;1994;100;SB
SF;CHE;1993;1997;100;SC
SF;CHE;1990;1994;100;SB
SF;AUT;1996;2000;101;DC
SF;AUT;1993;1997;101;DB
SF;DEU;1996;2000;101;DC
SF;DEU;1993;1997;101;DB
SF;FRA;1996;2000;101;DC
SF;FRA;1993;1997;101;DB
SF;ITA;1996;2000;101;DC
SF;ITA;1993;1997;101;DB
SF;CHE;1996;2000;101;DC
SF;CHE;1993;1997;101;DB
SF;AUT;1998;2002;102;SC
SF;AUT;1995;1999;102;SB
SF;DEU;1998;2002;102;SC
SF;DEU;1995;1999;102;SB
SF;FRA;1998;2002;102;SC
SF;FRA;1995;1999;102;SB
SF;ITA;1998;2002;102;SC
SF;ITA;1995;1999;102;SB
SF;CHE;1998;2002;102;SC
SF;CHE;1995;1999;102;SB
SF;AUT;2001;2005;103;DC
SF;AUT;1998;2002;103;DB
SF;DEU;2001;2005;103;DC
SF;DEU;1998;2002;103;DB
SF;FRA;2001;2005;103;DC
SF;FRA;1998;2002;103;DB
SF;ITA;2001;2005;103;DC
SF;ITA;1998;2002;103;DB
SF;CHE;2001;2005;103;DC
SF;CHE;1998;2002;103;DB
SF;AUT;2003;2007;104;SC
SF;AUT;2000;2004;104;SB
SF;DEU;2003;2007;104;SC
SF;DEU;2000;2004;104;SB
SF;FRA;2003;2007;104;SC
SF;FRA;2000;2004;104;SB
SF;ITA;2003;2007;104;SC
SF;ITA;2000;2004;104;SB
SF;CHE;2003;2007;104;SC
SF;CHE;2000;2004;104;SB
SF;AUT;2006;2010;105;DC
SF;AUT;2003;2007;105;DB
SF;DEU;2006;2010;105;DC
SF;DEU;2003;2007;105;DB
SF;FRA;2006;2010;105;DC
SF;FRA;2003;2007;105;DB
SF;ITA;2006;2010;105;DC
SF;ITA;2003;2007;105;DB
SF;CHE;2006;2010;105;DC
SF;CHE;2003;2007;105;DB
SF;AUT;2008;2012;106;SC
SF;AUT;2005;2009;106;SB
SF;DEU;2008;2012;106;SC
SF;DEU;2005;2009;106;SB
SF;FRA;2008;2012;106;SC
SF;FRA;2005;2009;106;SB
SF;ITA;2008;2012;106;SC
SF;ITA;2005;2009;106;SB
SF;CHE;2008;2012;106;SC
SF;CHE;2005;2009;106;SB
SF;AUT;2011;2015;107;DC
SF;AUT;2008;2012;107;DB
SF;DEU;2011;2015;107;DC
SF;DEU;2008;2012;107;DB
SF;FRA;2011;2015;107;DC
SF;FRA;2008;2012;107;DB
SF;ITA;2011;2015;107;DC
SF;ITA;2008;2012;107;DB
SF;CHE;2011;2015;107;DC
SF;CHE;2008;2012;107;DB
SF;AUT;2013;2017;108;SC
SF;AUT;2010;2014;108;SB
SF;DEU;2013;2017;108;SC
SF;DEU;2010;2014;108;SB
SF;FRA;2013;2017;108;SC
SF;FRA;2010;2014;108;SB
SF;ITA;2013;2017;108;SC
SF;ITA;2010;2014;108;SB
SF;CHE;2013;2017;108;SC
SF;CHE;2010;2014;108;SB
SF;AUT;2016;2100;109;DC
SF;AUT;2013;2100;109;DB
SF;DEU;2016;2100;109;DC
SF;DEU;2013;2100;109;DB
SF;FRA;2016;2100;109;DC
SF;FRA;2013;2100;109;DB
SF;ITA;2016;2100;109;DC
SF;ITA;2013;2100;109;DB
SF;CHE;2016;2100;109;DC
SF;CHE;2013;2100;109;DB
SF;AUT;2018;2100;110;SC
SF;AUT;2015;2100;110;SB
SF;DEU;2018;2100;110;SC
SF;DEU;2015;2100;110;SB
SF;FRA;2018;2100;110;SC
SF;FRA;2015;2100;110;SB
SF;ITA;2018;2100;110;SC
SF;ITA;2015;2100;110;SB
SF;CHE;2018;2100;110;SC
SF;CHE;2015;2100;110;SB
SI;CHE;1900;1979;111;DC
SI;CHE;1900;1976;111;DB
SI;CHE;1900;1981;112;SC
SI;CHE;1900;1978;112;SB
SI;CHE;1980;1984;113;DC
SI;CHE;1977;1981;113;DB
SI;CHE;1982;1986;114;SC
SI;CHE;1979;1983;114;SB
SI;CHE;1985;1990;115;DC
SI;CHE;1982;1987;115;DB
SI;CHE;1987;1992;116;SC
SI;CHE;1984;1989;116;SB
SI;CHE;1991;2001;117;DC
SI;CHE;1988;1998;117;DB
SI;CHE;1993;2003;118;SC
SI;CHE;1990;2000;118;SB
SI;CHE;2002;2009;119;DC
SI;CHE;1999;2006;119;DB
SI;CHE;2004;2011;120;SC
SI;CHE;2001;2008;120;SB
SI;CHE;2010;2014;121;DC
SI;CHE;2007;2011;121;DB
SI;CHE;2012;2016;122;SC
SI;CHE;2009;2013;122;SB
SI;CHE;2015;2100;123;DC
SI;CHE;2012;2100;123;DB
SI;CHE;2017;2100;124;SC
SI;CHE;2014;2100;124;SB
SI;AUT;1900;2100;125;DC
SI;AUT;1900;2100;125;DB
SI;CAN;1900;2100;125;DC
SI;CAN;1900;2100;125;DB
SI;CZE;1900;2100;125;DC
SI;CZE;1900;2100;125;DB
SI;DEU;1900;2100;125;DC
SI;DEU;1900;2100;125;DB
SI;DNK;1900;2100;125;DC
SI;DNK;1900;2100;125;DB
SI;FRA;1900;2100;125;DC
SI;FRA;1900;2100;125;DB
SI;GBR;1900;2100;125;DC
SI;GBR;1900;2100;125;DB
SI;IRL;1900;2100;125;DC
SI;IRL;1900;2100;125;DB
SI;ITA;1900;2100;125;DC
SI;ITA;1900;2100;125;DB
SI;SWE;1900;2100;125;DC
SI;SWE;1900;2100;125;DB
SI;USA;1900;2100;125;DC
SI;USA;1900;2100;125;DB
SI;ZAF;1900;2100;125;DC
SI;ZAF;1900;2100;125;DB
SI;AUT;1900;2100;126;SC
SI;AUT;1900;2100;126;SB
SI;CAN;1900;2100;126;SC
SI;CAN;1900;2100;126;SB
SI;CZE;1900;2100;126;SC
SI;CZE;1900;2100;126;SB
SI;DEU;1900;2100;126;SC
SI;DEU;1900;2100;126;SB
SI;DNK;1900;2100;126;SC
SI;DNK;1900;2100;126;SB
SI;FRA;1900;2100;126;SC
SI;FRA;1900;2100;126;SB
SI;GBR;1900;2100;126;SC
SI;GBR;1900;2100;126;SB
SI;IRL;1900;2100;126;SC
SI;IRL;1900;2100;126;SB
SI;ITA;1900;2100;126;SC
SI;ITA;1900;2100;126;SB
SI;SWE;1900;2100;126;SC
SI;SWE;1900;2100;126;SB
SI;USA;1900;2100;126;SC
SI;USA;1900;2100;126;SB
SI;ZAF;1900;2100;126;SC
SI;ZAF;1900;2100;126;SB
UF;CZE;1900;2002;127;DC
UF;CZE;1900;1999;127;DB
UF;CHE;1900;2002;127;DC
UF;CHE;1900;1999;127;DB
UF;CZE;1900;2004;128;SC
UF;CZE;1900;2001;128;SB
UF;CHE;1900;2004;128;SC
UF;CHE;1900;2001;128;SB
UF;CZE;2003;2100;129;DC
UF;CZE;2000;2100;129;DB
UF;CHE;2003;2100;129;DC
UF;CHE;2000;2100;129;DB
UF;CZE;2005;2100;130;SC
UF;CZE;2002;2100;130;SB
UF;CHE;2005;2100;130;SC
UF;CHE;2002;2100;130;SB
UM;AUT;1900;2001;131;DC
UM;AUT;1900;1998;131;DB
UM;DEU;1900;2001;131;DC
UM;DEU;1900;1998;131;DB
UM;DNK;1900;2001;131;DC
UM;DNK;1900;1998;131;DB
UM;FRA;1900;2001;131;DC
UM;FRA;1900;1998;131;DB
UM;ITA;1900;2001;131;DC
UM;ITA;1900;1998;131;DB
UM;NLD;1900;2001;131;DC
UM;NLD;1900;1998;131;DB
UM;CHE;1900;2001;131;DC
UM;CHE;1900;1998;131;DB
UM;AUT;1900;2003;132;SC
UM;AUT;1900;2000;132;SB
UM;DEU;1900;2003;132;SC
UM;DEU;1900;2000;132;SB
UM;DNK;1900;2003;132;SC
UM;DNK;1900;2000;132;SB
UM;FRA;1900;2003;132;SC
UM;FRA;1900;2000;132;SB
UM;ITA;1900;2003;132;SC
UM;ITA;1900;2000;132;SB
UM;NLD;1900;2003;132;SC
UM;NLD;1900;2000;132;SB
UM;CHE;1900;2003;132;SC
UM;CHE;1900;2000;132;SB
UM;AUT;2002;2006;133;DC
UM;AUT;1999;2003;133;DB
UM;DEU;2002;2006;133;DC
UM;DEU;1999;2003;133;DB
UM;DNK;2002;2006;133;DC
UM;DNK;1999;2003;133;DB
UM;FRA;2002;2006;133;DC
UM;FRA;1999;2003;133;DB
UM;ITA;2002;2006;133;DC
UM;ITA;1999;2003;133;DB
UM;NLD;2002;2006;133;DC
UM;NLD;1999;2003;133;DB
UM;CHE;2002;2006;133;DC
UM;CHE;1999;2003;133;DB
UM;AUT;2004;2008;134;SC
UM;AUT;2001;2005;134;SB
UM;DEU;2004;2008;134;SC
UM;DEU;2001;2005;134;SB
UM;DNK;2004;2008;134;SC
UM;DNK;2001;2005;134;SB
UM;FRA;2004;2008;134;SC
UM;FRA;2001;2005;134;SB
UM;ITA;2004;2008;134;SC
UM;ITA;2001;2005;134;SB
UM;NLD;2004;2008;134;SC
UM;NLD;2001;2005;134;SB
UM;CHE;2004;2008;134;SC
UM;CHE;2001;2005;134;SB
UM;AUT;2007;2011;135;DC
UM;AUT;2004;2008;135;DB
UM;DEU;2007;2011;135;DC
UM;DEU;2004;2008;135;DB
UM;DNK;2007;2011;135;DC
UM;DNK;2004;2008;135;DB
UM;FRA;2007;2011;135;DC
UM;FRA;2004;2008;135;DB
UM;ITA;2007;2011;135;DC
UM;ITA;2004;2008;135;DB
UM;NLD;2007;2011;135;DC
UM;NLD;2004;2008;135;DB
UM;CHE;2007;2011;135;DC
UM;CHE;2004;2008;135;DB
UM;AUT;2009;2013;136;SC
UM;AUT;2006;2010;136;SB
UM;DEU;2009;2013;136;SC
UM;DEU;2006;2010;136;SB
UM;DNK;2009;2013;136;SC
UM;DNK;2006;2010;136;SB
UM;FRA;2009;2013;136;SC
UM;FRA;2006;2010;136;SB
UM;ITA;2009;2013;136;SC
UM;ITA;2006;2010;136;SB
UM;NLD;2009;2013;136;SC
UM;NLD;2006;2010;136;SB
UM;CHE;2009;2013;136;SC
UM;CHE;2006;2010;136;SB
UM;AUT;2012;2100;137;DC
UM;AUT;2009;2100;137;DB
UM;DEU;2012;2100;137;DC
UM;DEU;2009;2100;137;DB
UM;DNK;2012;2100;137;DC
UM;DNK;2009;2100;137;DB
UM;FRA;2012;2100;137;DC
UM;FRA;2009;2100;137;DB
UM;ITA;2012;2100;137;DC
UM;ITA;2009;2100;137;DB
UM;NLD;2012;2100;137;DC
UM;NLD;2009;2100;137;DB
UM;CHE;2012;2100;137;DC
UM;CHE;2009;2100;137;DB
UM;AUT;2014;2100;138;SC
UM;AUT;2011;2100;138;SB
UM;DEU;2014;2100;138;SC
UM;DEU;2011;2100;138;SB
UM;DNK;2014;2100;138;SC
UM;DNK;2011;2100;138;SB
UM;FRA;2014;2100;138;SC
UM;FRA;2011;2100;138;SB
UM;ITA;2014;2100;138;SC
UM;ITA;2011;2100;138;SB
UM;NLD;2014;2100;138;SC
UM;NLD;2011;2100;138;SB
UM;CHE;2014;2100;138;SC
UM;CHE;2011;2100;138;SB
XX;AUT;1900;1991;139;DC
XX;AUT;1900;1988;139;DB
XX;BEL;1900;1991;139;DC
XX;BEL;1900;1988;139;DB
XX;DEU;1900;1991;139;DC
XX;DEU;1900;1988;139;DB
XX;FRA;1900;1991;139;DC
XX;FRA;1900;1988;139;DB
XX;CHE;1900;1991;139;DC
XX;CHE;1900;1988;139;DB
XX;AUT;1900;1993;140;SC
XX;AUT;1900;1990;140;SB
XX;BEL;1900;1993;140;SC
XX;BEL;1900;1990;140;SB
XX;DEU;1900;1993;140;SC
XX;DEU;1900;1990;140;SB
XX;FRA;1900;1993;140;SC
XX;FRA;1900;1990;140;SB
XX;CHE;1900;1993;140;SC
XX;CHE;1900;1990;140;SB
XX;AUT;1992;1996;141;DC
XX;AUT;1989;1993;141;DB
XX;BEL;1992;1996;141;DC
XX;BEL;1989;1993;141;DB
XX;DEU;1992;1996;141;DC
XX;DEU;1989;1993;141;DB
XX;FRA;1992;1996;141;DC
XX;FRA;1989;1993;141;DB
XX;CHE;1992;1996;141;DC
XX;CHE;1989;1993;141;DB
XX;AUT;1994;1998;142;SC
XX;AUT;1991;1995;142;SB
XX;BEL;1994;1998;142;SC
XX;BEL;1991;1995;142;SB
XX;DEU;1994;1998;142;SC
XX;DEU;1991;1995;142;SB
XX;FRA;1994;1998;142;SC
XX;FRA;1991;1995;142;SB
XX;CHE;1994;1998;142;SC
XX;CHE;1991;1995;142;SB
XX;AUT;1997;2001;143;DC
XX;AUT;1994;1998;143;DB
XX;BEL;1997;2001;143;DC
XX;BEL;1994;1998;143;DB
XX;DEU;1997;2001;143;DC
XX;DEU;1994;1998;143;DB
XX;FRA;1997;2001;143;DC
XX;FRA;1994;1998;143;DB
XX;CHE;1997;2001;143;DC
XX;CHE;1994;1998;143;DB
XX;AUT;1999;2003;144;SC
XX;AUT;1996;2000;144;SB
XX;BEL;1999;2003;144;SC
XX;BEL;1996;2000;144;SB
XX;DEU;1999;2003;144;SC
XX;DEU;1996;2000;144;SB
XX;FRA;1999;2003;144;SC
XX;FRA;1996;2000;144;SB
XX;CHE;1999;2003;144;SC
XX;CHE;1996;2000;144;SB
XX;AUT;2002;2006;145;DC
XX;AUT;1999;2003;145;DB
XX;BEL;2002;2006;145;DC
XX;BEL;1999;2003;145;DB
XX;DEU;2002;2006;145;DC
XX;DEU;1999;2003;145;DB
XX;FRA;2002;2006;145;DC
XX;FRA;1999;2003;145;DB
XX;CHE;2002;2006;145;DC
XX;CHE;1999;2003;145;DB
XX;AUT;2004;2008;146;SC
XX;AUT;2001;2005;146;SB
XX;BEL;2004;2008;146;SC
XX;BEL;2001;2005;146;SB
XX;DEU;2004;2008;146;SC
XX;DEU;2001;2005;146;SB
XX;FRA;2004;2008;146;SC
XX;FRA;2001;2005;146;SB
XX;CHE;2004;2008;146;SC
XX;CHE;2001;2005;146;SB
XX;AUT;2007;2011;147;DC
XX;AUT;2004;2008;147;DB
XX;BEL;2007;2011;147;DC
XX;BEL;2004;2008;147;DB
XX;DEU;2007;2011;147;DC
XX;DEU;2004;2008;147;DB
XX;FRA;2007;2011;147;DC
XX;FRA;2004;2008;147;DB
XX;CHE;2007;2011;147;DC
XX;CHE;2004;2008;147;DB
XX;AUT;2009;2013;148;SC
XX;AUT;2006;2010;148;SB
XX;BEL;2009;2013;148;SC
XX;BEL;2006;2010;148;SB
XX;DEU;2009;2013;148;SC
XX;DEU;2006;2010;148;SB
XX;FRA;2009;2013;148;SC
XX;FRA;2006;2010;148;SB
XX;CHE;2009;2013;148;SC
XX;CHE;2006;2010;148;SB
XX;AUT;2012;2016;149;DC
XX;AUT;2009;2013;149;DB
XX;BEL;2012;2016;149;DC
XX;BEL;2009;2013;149;DB
XX;DEU;2012;2016;149;DC
XX;DEU;2009;2013;149;DB
XX;FRA;2012;2016;149;DC
XX;FRA;2009;2013;149;DB
XX;CHE;2012;2016;149;DC
XX;CHE;2009;2013;149;DB
XX;AUT;2014;2018;150;SC
XX;AUT;2011;2015;150;SB
XX;BEL;2014;2018;150;SC
XX;BEL;2011;2015;150;SB
XX;DEU;2014;2018;150;SC
XX;DEU;2011;2015;150;SB
XX;FRA;2014;2018;150;SC
XX;FRA;2011;2015;150;SB
XX;CHE;2014;2018;150;SC
XX;CHE;2011;2015;150;SB
XX;AUT;2017;2100;151;DC
XX;AUT;2014;2100;151;DB
XX;BEL;2017;2100;151;DC
XX;BEL;2014;2100;151;DB
XX;DEU;2017;2100;151;DC
XX;DEU;2014;2100;151;DB
XX;FRA;2017;2100;151;DC
XX;FRA;2014;2100;151;DB
XX;CHE;2017;2100;151;DC
XX;CHE;2014;2100;151;DB
XX;AUT;2019;2100;152;SC
XX;AUT;2016;2100;152;SB
XX;BEL;2019;2100;152;SC
XX;BEL;2016;2100;152;SB
XX;DEU;2019;2100;152;SC
XX;DEU;2016;2100;152;SB
XX;FRA;2019;2100;152;SC
XX;FRA;2016;2100;152;SB
XX;CHE;2019;2100;152;SC
XX;CHE;2016;2100;152;SB
95;CHE;1900;2100;153;DC
95;CHE;1900;2100;153;DB
95;FRA;1900;2100;153;DC
95;FRA;1900;2100;153;DB
AB;CHE;1900;2100;153;DC
AB;CHE;1900;2100;153;DB
AB;FRA;1900;2100;153;DC
AB;FRA;1900;2100;153;DB
AU;CHE;1900;2100;153;DC
AU;CHE;1900;2100;153;DB
AU;FRA;1900;2100;153;DC
AU;FRA;1900;2100;153;DB
AU;DEU;1900;2100;153;DC
AU;DEU;1900;2100;153;DB
AY;USA;1900;2100;153;DC
AY;USA;1900;2100;153;DB
AY;CAN;1900;2100;153;DC
AY;CAN;1900;2100;153;DB
AY;CHE;1900;2100;153;DC
AY;CHE;1900;2100;153;DB
AY;SWE;1900;2100;153;DC
AY;SWE;1900;2100;153;DB
AY;FIN;1900;2100;153;DC
AY;FIN;1900;2100;153;DB
BB;CHE;1900;2100;153;DC
BB;CHE;1900;2100;153;DB
BB;GBR;1900;2100;153;DC
BB;GBR;1900;2100;153;DB
BB;DEU;1900;2100;153;DC
BB;DEU;1900;2100;153;DB
BB;AUT;1900;2100;153;DC
BB;AUT;1900;2100;153;DB
BB;DNK;1900;2100;153;DC
BB;DNK;1900;2100;153;DB
BB;ITA;1900;2100;153;DC
BB;ITA;1900;2100;153;DB
BB;IRL;1900;2100;153;DC
BB;IRL;1900;2100;153;DB
BB;NLD;1900;2100;153;DC
BB;NLD;1900;2100;153;DB
BB;CZE;1900;2100;153;DC
BB;CZE;1900;2100;153;DB
BB;BEL;1900;2100;153;DC
BB;BEL;1900;2100;153;DB
BB;HUN;1900;2100;153;DC
BB;HUN;1900;2100;153;DB
BD;CAN;1900;2100;153;DC
BD;CAN;1900;2100;153;DB
BD;CHE;1900;2100;153;DC
BD;CHE;1900;2100;153;DB
BD;GBR;1900;2100;153;DC
BD;GBR;1900;2100;153;DB
BD;FRA;1900;2100;153;DC
BD;FRA;1900;2100;153;DB
BD;DEU;1900;2100;153;DC
BD;DEU;1900;2100;153;DB
BD;AUT;1900;2100;153;DC
BD;AUT;1900;2100;153;DB
BD;DNK;1900;2100;153;DC
BD;DNK;1900;2100;153;DB
BD;NLD;1900;2100;153;DC
BD;NLD;1900;2100;153;DB
BD;CZE;1900;2100;153;DC
BD;CZE;1900;2100;153;DB
BF;CHE;1900;2100;153;DC
BF;CHE;1900;2100;153;DB
BF;FRA;1900;2100;153;DC
BF;FRA;1900;2100;153;DB
BF;DEU;1900;2100;153;DC
BF;DEU;1900;2100;153;DB
BF;ITA;1900;2100;153;DC
BF;ITA;1900;2100;153;DB
BS;USA;1900;2100;153;DC
BS;USA;1900;2100;153;DB
BS;CAN;1900;2100;153;DC
BS;CAN;1900;2100;153;DB
BS;CHE;1900;2100;153;DC
BS;CHE;1900;2100;153;DB
BS;FRA;1900;2100;153;DC
BS;FRA;1900;2100;153;DB
BS;DEU;1900;2100;153;DC
BS;DEU;1900;2100;153;DB
BS;AUT;1900;2100;153;DC
BS;AUT;1900;2100;153;DB
BS;ITA;1900;2100;153;DC
BS;ITA;1900;2100;153;DB
BZ;FRA;1900;2100;153;DC
BZ;FRA;1900;2100;153;DB
CH;USA;1900;2100;153;DC
CH;USA;1900;2100;153;DB
CH;CAN;1900;2100;153;DC
CH;CAN;1900;2100;153;DB
CH;CHE;1900;2100;153;DC
CH;CHE;1900;2100;153;DB
CH;GBR;1900;2100;153;DC
CH;GBR;1900;2100;153;DB
CH;FRA;1900;2100;153;DC
CH;FRA;1900;2100;153;DB
CH;DEU;1900;2100;153;DC
CH;DEU;1900;2100;153;DB
CH;AUT;1900;2100;153;DC
CH;AUT;1900;2100;153;DB
CH;DNK;1900;2100;153;DC
CH;DNK;1900;2100;153;DB
CH;ITA;1900;2100;153;DC
CH;ITA;1900;2100;153;DB
CH;SWE;1900;2100;153;DC
CH;SWE;1900;2100;153;DB
CH;CZE;1900;2100;153;DC
CH;CZE;1900;2100;153;DB
CH;LUX;1900;2100;153;DC
CH;LUX;1900;2100;153;DB
DA;AUT;1900;2100;153;DC
DA;AUT;1900;2100;153;DB
DA;DNK;1900;2100;153;DC
DA;DNK;1900;2100;153;DB
DR;CHE;1900;2100;153;DC
DR;CHE;1900;2100;153;DB
DR;GBR;1900;2100;153;DC
DR;GBR;1900;2100;153;DB
DR;DEU;1900;2100;153;DC
DR;DEU;1900;2100;153;DB
DR;DNK;1900;2100;153;DC
DR;DNK;1900;2100;153;DB
DR;IRL;1900;2100;153;DC
DR;IRL;1900;2100;153;DB
DR;NLD;1900;2100;153;DC
DR;NLD;1900;2100;153;DB
EV;CHE;1900;2100;153;DC
EV;CHE;1900;2100;153;DB
EV;DEU;1900;2100;153;DC
EV;DEU;1900;2100;153;DB
GA;CAN;1900;2100;153;DC
GA;CAN;1900;2100;153;DB
GA;CHE;1900;2100;153;DC
GA;CHE;1900;2100;153;DB
GA;GBR;1900;2100;153;DC
GA;GBR;1900;2100;153;DB
GA;FRA;1900;2100;153;DC
GA;FRA;1900;2100;153;DB
GA;DEU;1900;2100;153;DC
GA;DEU;1900;2100;153;DB
GA;DNK;1900;2100;153;DC
GA;DNK;1900;2100;153;DB
GA;XXX;1900;2100;153;DC
GA;XXX;1900;2100;153;DB
GA;CZE;1900;2100;153;DC
GA;CZE;1900;2100;153;DB
GC;FRA;1900;2100;153;DC
GC;FRA;1900;2100;153;DB
GU;USA;1900;2100;153;DC
GU;USA;1900;2100;153;DB
GU;GBR;1900;2100;153;DC
GU;GBR;1900;2100;153;DB
GV;DEU;1900;2100;153;DC
GV;DEU;1900;2100;153;DB
HH;USA;1900;2100;153;DC
HH;USA;1900;2100;153;DB
HH;CAN;1900;2100;153;DC
HH;CAN;1900;2100;153;DB
HH;CHE;1900;2100;153;DC
HH;CHE;1900;2100;153;DB
HH;GBR;1900;2100;153;DC
HH;GBR;1900;2100;153;DB
HH;DEU;1900;2100;153;DC
HH;DEU;1900;2100;153;DB
HH;DNK;1900;2100;153;DC
HH;DNK;1900;2100;153;DB
HH;NZL;1900;2100;153;DC
HH;NZL;1900;2100;153;DB
HH;IRL;1900;2100;153;DC
HH;IRL;1900;2100;153;DB
HH;NLD;1900;2100;153;DC
HH;NLD;1900;2100;153;DB
HH;CZE;1900;2100;153;DC
HH;CZE;1900;2100;153;DB
HH;AUS;1900;2100;153;DC
HH;AUS;1900;2100;153;DB
HI;USA;1900;2100;153;DC
HI;USA;1900;2100;153;DB
HI;CAN;1900;2100;153;DC
HI;CAN;1900;2100;153;DB
HI;CHE;1900;2100;153;DC
HI;CHE;1900;2100;153;DB
HI;GBR;1900;2100;153;DC
HI;GBR;1900;2100;153;DB
HI;DEU;1900;2100;153;DC
HI;DEU;1900;2100;153;DB
HI;AUT;1900;2100;153;DC
HI;AUT;1900;2100;153;DB
HI;DNK;1900;2100;153;DC
HI;DNK;1900;2100;153;DB
HI;XXX;1900;2100;153;DC
HI;XXX;1900;2100;153;DB
HI;SWE;1900;2100;153;DC
HI;SWE;1900;2100;153;DB
HI;NLD;1900;2100;153;DC
HI;NLD;1900;2100;153;DB
HI;CZE;1900;2100;153;DC
HI;CZE;1900;2100;153;DB
HR;CHE;1900;2100;153;DC
HR;CHE;1900;2100;153;DB
HW;CHE;1900;2100;153;DC
HW;CHE;1900;2100;153;DB
HW;DEU;1900;2100;153;DC
HW;DEU;1900;2100;153;DB
HW;AUT;1900;2100;153;DC
HW;AUT;1900;2100;153;DB
KC;CHE;1900;2100;153;DC
KC;CHE;1900;2100;153;DB
LG;CHE;1900;2100;153;DC
LG;CHE;1900;2100;153;DB
LG;GBR;1900;2100;153;DC
LG;GBR;1900;2100;153;DB
LG;DEU;1900;2100;153;DC
LG;DEU;1900;2100;153;DB
LG;AUT;1900;2100;153;DC
LG;AUT;1900;2100;153;DB
MA;FRA;1900;2100;153;DC
MA;FRA;1900;2100;153;DB
MR;ITA;1900;2100;153;DC
MR;ITA;1900;2100;153;DB
MR;NLD;1900;2100;153;DC
MR;NLD;1900;2100;153;DB
MW;DEU;1900;2100;153;DC
MW;DEU;1900;2100;153;DB
NO;CHE;1900;2100;153;DC
NO;CHE;1900;2100;153;DB
NO;FRA;1900;2100;153;DC
NO;FRA;1900;2100;153;DB
NO;NZL;1900;2100;153;DC
NO;NZL;1900;2100;153;DB
NR;CHE;1900;2100;153;DC
NR;CHE;1900;2100;153;DB
NR;NOR;1900;2100;153;DC
NR;NOR;1900;2100;153;DB
PA;CHE;1900;2100;153;DC
PA;CHE;1900;2100;153;DB
PA;FRA;1900;2100;153;DC
PA;FRA;1900;2100;153;DB
PI;CHE;1900;2100;153;DC
PI;CHE;1900;2100;153;DB
PI;DEU;1900;2100;153;DC
PI;DEU;1900;2100;153;DB
PI;AUT;1900;2100;153;DC
PI;AUT;1900;2100;153;DB
PI;DNK;1900;2100;153;DC
PI;DNK;1900;2100;153;DB
PI;ESP;1900;2100;153;DC
PI;ESP;1900;2100;153;DB
PI;ITA;1900;2100;153;DC
PI;ITA;1900;2100;153;DB
PI;NLD;1900;2100;153;DC
PI;NLD;1900;2100;153;DB
PI;CZE;1900;2100;153;DC
PI;CZE;1900;2100;153;DB
PS;DEU;1900;2100;153;DC
PS;DEU;1900;2100;153;DB
PS;AUT;1900;2100;153;DC
PS;AUT;1900;2100;153;DB
PS;ITA;1900;2100;153;DC
PS;ITA;1900;2100;153;DB
PZ;CAN;1900;2100;153;DC
PZ;CAN;1900;2100;153;DB
PZ;CHE;1900;2100;153;DC
PZ;CHE;1900;2100;153;DB
PZ;FRA;1900;2100;153;DC
PZ;FRA;1900;2100;153;DB
PZ;DEU;1900;2100;153;DC
PZ;DEU;1900;2100;153;DB
PZ;AUT;1900;2100;153;DC
PZ;AUT;1900;2100;153;DB
PZ;DNK;1900;2100;153;DC
PZ;DNK;1900;2100;153;DB
PZ;ITA;1900;2100;153;DC
PZ;ITA;1900;2100;153;DB
PZ;LUX;1900;2100;153;DC
PZ;LUX;1900;2100;153;DB
PZ;AUS;1900;2100;153;DC
PZ;AUS;1900;2100;153;DB
RD;DNK;1900;2100;153;DC
RD;DNK;1900;2100;153;DB
RE;CHE;1900;2100;153;DC
RE;CHE;1900;2100;153;DB
RE;DEU;1900;2100;153;DC
RE;DEU;1900;2100;153;DB
RE;DNK;1900;2100;153;DC
RE;DNK;1900;2100;153;DB
RH;DEU;1900;2100;153;DC
RH;DEU;1900;2100;153;DB
SH;USA;1900;2100;153;DC
SH;USA;1900;2100;153;DB
SH;CHE;1900;2100;153;DC
SH;CHE;1900;2100;153;DB
SH;GBR;1900;2100;153;DC
SH;GBR;1900;2100;153;DB
SH;DEU;1900;2100;153;DC
SH;DEU;1900;2100;153;DB
SH;IRL;1900;2100;153;DC
SH;IRL;1900;2100;153;DB
SL;CHE;1900;2100;153;DC
SL;CHE;1900;2100;153;DB
SL;GBR;1900;2100;153;DC
SL;GBR;1900;2100;153;DB
SL;FRA;1900;2100;153;DC
SL;FRA;1900;2100;153;DB
SL;DEU;1900;2100;153;DC
SL;DEU;1900;2100;153;DB
SL;DNK;1900;2100;153;DC
SL;DNK;1900;2100;153;DB
SL;CZE;1900;2100;153;DC
SL;CZE;1900;2100;153;DB
SR;SWE;1900;2100;153;DC
SR;SWE;1900;2100;153;DB
SR;FIN;1900;2100;153;DC
SR;FIN;1900;2100;153;DB
TA;CHE;1900;2100;153;DC
TA;CHE;1900;2100;153;DB
TA;FRA;1900;2100;153;DC
TA;FRA;1900;2100;153;DB
TL;USA;1900;2100;153;DC
TL;USA;1900;2100;153;DB
TL;CHE;1900;2100;153;DC
TL;CHE;1900;2100;153;DB
TX;CHE;1900;2100;153;DC
TX;CHE;1900;2100;153;DB
TX;AUT;1900;2100;153;DC
TX;AUT;1900;2100;153;DB
VP;ITA;1900;2100;153;DC
VP;ITA;1900;2100;153;DB
VS;CHE;1900;2100;153;DC
VS;CHE;1900;2100;153;DB
VS;FRA;1900;2100;153;DC
VS;FRA;1900;2100;153;DB
WA;USA;1900;2100;153;DC
WA;USA;1900;2100;153;DB
WA;DEU;1900;2100;153;DC
WA;DEU;1900;2100;153;DB
WA;JPN;1900;2100;153;DC
WA;JPN;1900;2100;153;DB
WA;NZL;1900;2100;153;DC
WA;NZL;1900;2100;153;DB
WA;NLD;1900;2100;153;DC
WA;NLD;1900;2100;153;DB
WA;AUS;1900;2100;153;DC
WA;AUS;1900;2100;153;DB
WB;DEU;1900;2100;153;DC
WB;DEU;1900;2100;153;DB
WB;AUS;1900;2100;153;DC
WB;AUS;1900;2100;153;DB
ZE;CHE;1900;2100;153;DC
ZE;CHE;1900;2100;153;DB
ZE;DEU;1900;2100;153;DC
ZE;DEU;1900;2100;153;DB
ZE;AUS;1900;2100;153;DC
ZE;AUS;1900;2100;153;DB
ZE;BRA;1900;2100;153;DC
ZE;BRA;1900;2100;153;DB
95;CHE;1900;2100;154;SC
95;CHE;1900;2100;154;SB
95;FRA;1900;2100;154;SC
95;FRA;1900;2100;154;SB
AB;CHE;1900;2100;154;SC
AB;CHE;1900;2100;154;SB
AB;FRA;1900;2100;154;SC
AB;FRA;1900;2100;154;SB
AU;CHE;1900;2100;154;SC
AU;CHE;1900;2100;154;SB
AU;FRA;1900;2100;154;SC
AU;FRA;1900;2100;154;SB
AU;DEU;1900;2100;154;SC
AU;DEU;1900;2100;154;SB
AY;USA;1900;2100;154;SC
AY;USA;1900;2100;154;SB
AY;CAN;1900;2100;154;SC
AY;CAN;1900;2100;154;SB
AY;CHE;1900;2100;154;SC
AY;CHE;1900;2100;154;SB
AY;SWE;1900;2100;154;SC
AY;SWE;1900;2100;154;SB
AY;FIN;1900;2100;154;SC
AY;FIN;1900;2100;154;SB
BB;CHE;1900;2100;154;SC
BB;CHE;1900;2100;154;SB
BB;GBR;1900;2100;154;SC
BB;GBR;1900;2100;154;SB
BB;DEU;1900;2100;154;SC
BB;DEU;1900;2100;154;SB
BB;AUT;1900;2100;154;SC
BB;AUT;1900;2100;154;SB
BB;DNK;1900;2100;154;SC
BB;DNK;1900;2100;154;SB
BB;ITA;1900;2100;154;SC
BB;ITA;1900;2100;154;SB
BB;IRL;1900;2100;154;SC
BB;IRL;1900;2100;154;SB
BB;NLD;1900;2100;154;SC
BB;NLD;1900;2100;154;SB
BB;CZE;1900;2100;154;SC
BB;CZE;1900;2100;154;SB
BB;BEL;1900;2100;154;SC
BB;BEL;1900;2100;154;SB
BB;HUN;1900;2100;154;SC
BB;HUN;1900;2100;154;SB
BD;CAN;1900;2100;154;SC
BD;CAN;1900;2100;154;SB
BD;CHE;1900;2100;154;SC
BD;CHE;1900;2100;154;SB
BD;GBR;1900;2100;154;SC
BD;GBR;1900;2100;154;SB
BD;FRA;1900;2100;154;SC
BD;FRA;1900;2100;154;SB
BD;DEU;1900;2100;154;SC
BD;DEU;1900;2100;154;SB
BD;AUT;1900;2100;154;SC
BD;AUT;1900;2100;154;SB
BD;DNK;1900;2100;154;SC
BD;DNK;1900;2100;154;SB
BD;NLD;1900;2100;154;SC
BD;NLD;1900;2100;154;SB
BD;CZE;1900;2100;154;SC
BD;CZE;1900;2100;154;SB
BF;CHE;1900;2100;154;SC
BF;CHE;1900;2100;154;SB
BF;FRA;1900;2100;154;SC
BF;FRA;1900;2100;154;SB
BF;DEU;1900;2100;154;SC
BF;DEU;1900;2100;154;SB
BF;ITA;1900;2100;154;SC
BF;ITA;1900;2100;154;SB
BS;USA;1900;2100;154;SC
BS;USA;1900;2100;154;SB
BS;CAN;1900;2100;154;SC
BS;CAN;1900;2100;154;SB
BS;CHE;1900;2100;154;SC
BS;CHE;1900;2100;154;SB
BS;FRA;1900;2100;154;SC
BS;FRA;1900;2100;154;SB
BS;DEU;1900;2100;154;SC
BS;DEU;1900;2100;154;SB
BS;AUT;1900;2100;154;SC
BS;AUT;1900;2100;154;SB
BS;ITA;1900;2100;154;SC
BS;ITA;1900;2100;154;SB
BZ;FRA;1900;2100;154;SC
BZ;FRA;1900;2100;154;SB
CH;USA;1900;2100;154;SC
CH;USA;1900;2100;154;SB
CH;CAN;1900;2100;154;SC
CH;CAN;1900;2100;154;SB
CH;CHE;1900;2100;154;SC
CH;CHE;1900;2100;154;SB
CH;GBR;1900;2100;154;SC
CH;GBR;1900;2100;154;SB
CH;FRA;1900;2100;154;SC
CH;FRA;1900;2100;154;SB
CH;DEU;1900;2100;154;SC
CH;DEU;1900;2100;154;SB
CH;AUT;1900;2100;154;SC
CH;AUT;1900;2100;154;SB
CH;DNK;1900;2100;154;SC
CH;DNK;1900;2100;154;SB
CH;ITA;1900;2100;154;SC
CH;ITA;1900;2100;154;SB
CH;SWE;1900;2100;154;SC
CH;SWE;1900;2100;154;SB
CH;CZE;1900;2100;154;SC
CH;CZE;1900;2100;154;SB
CH;LUX;1900;2100;154;SC
CH;LUX;1900;2100;154;SB
DA;AUT;1900;2100;154;SC
DA;AUT;1900;2100;154;SB
DA;DNK;1900;2100;154;SC
DA;DNK;1900;2100;154;SB
DR;CHE;1900;2100;154;SC
DR;CHE;1900;2100;154;SB
DR;GBR;1900;2100;154;SC
DR;GBR;1900;2100;154;SB
DR;DEU;1900;2100;154;SC
DR;DEU;1900;2100;154;SB
DR;DNK;1900;2100;154;SC
DR;DNK;1900;2100;154;SB
DR;IRL;1900;2100;154;SC
DR;IRL;1900;2100;154;SB
DR;NLD;1900;2100;154;SC
DR;NLD;1900;2100;154;SB
EV;CHE;1900;2100;154;SC
EV;CHE;1900;2100;154;SB
EV;DEU;1900;2100;154;SC
EV;DEU;1900;2100;154;SB
GA;CAN;1900;2100;154;SC
GA;CAN;1900;2100;154;SB
GA;CHE;1900;2100;154;SC
GA;CHE;1900;2100;154;SB
GA;GBR;1900;2100;154;SC
GA;GBR;1900;2100;154;SB
GA;FRA;1900;2100;154;SC
GA;FRA;1900;2100;154;SB
GA;DEU;1900;2100;154;SC
GA;DEU;1900;2100;154;SB
GA;DNK;1900;2100;154;SC
GA;DNK;1900;2100;154;SB
GA;XXX;1900;2100;154;SC
GA;XXX;1900;2100;154;SB
GA;CZE;1900;2100;154;SC
GA;CZE;1900;2100;154;SB
GC;FRA;1900;2100;154;SC
GC;FRA;1900;2100;154;SB
GU;USA;1900;2100;154;SC
GU;USA;1900;2100;154;SB
GU;GBR;1900;2100;154;SC
GU;GBR;1900;2100;154;SB
GV;DEU;1900;2100;154;SC
GV;DEU;1900;2100;154;SB
HH;USA;1900;2100;154;SC
HH;USA;1900;2100;154;SB
HH;CAN;1900;2100;154;SC
HH;CAN;1900;2100;154;SB
HH;CHE;1900;2100;154;SC
HH;CHE;1900;2100;154;SB
HH;GBR;1900;2100;154;SC
HH;GBR;1900;2100;154;SB
HH;DEU;1900;2100;154;SC
HH;DEU;1900;2100;154;SB
HH;DNK;1900;2100;154;SC
HH;DNK;1900;2100;154;SB
HH;NZL;1900;2100;154;SC
HH;NZL;1900;2100;154;SB
HH;IRL;1900;2100;154;SC
HH;IRL;1900;2100;154;SB
HH;NLD;1900;2100;154;SC
HH;NLD;1900;2100;154;SB
HH;CZE;1900;2100;154;SC
HH;CZE;1900;2100;154;SB
HH;AUS;1900;2100;154;SC
HH;AUS;1900;2100;154;SB
HI;USA;1900;2100;154;SC
HI;USA;1900;2100;154;SB
HI;CAN;1900;2100;154;SC
HI;CAN;1900;2100;154;SB
HI;CHE;1900;2100;154;SC
HI;CHE;1900;2100;154;SB
HI;GBR;1900;2100;154;SC
HI;GBR;1900;2100;154;SB
HI;DEU;1900;2100;154;SC
HI;DEU;1900;2100;154;SB
HI;AUT;1900;2100;154;SC
HI;AUT;1900;2100;154;SB
HI;DNK;1900;2100;154;SC
HI;DNK;1900;2100;154;SB
HI;XXX;1900;2100;154;SC
HI;XXX;1900;2100;154;SB
HI;SWE;1900;2100;154;SC
HI;SWE;1900;2100;154;SB
HI;NLD;1900;2100;154;SC
HI;NLD;1900;2100;154;SB
HI;CZE;1900;2100;154;SC
HI;CZE;1900;2100;154;SB
HR;CHE;1900;2100;154;SC
HR;CHE;1900;2100;154;SB
HW;CHE;1900;2100;154;SC
HW;CHE;1900;2100;154;SB
HW;DEU;1900;2100;154;SC
HW;DEU;1900;2100;154;SB
HW;AUT;1900;2100;154;SC
HW;AUT;1900;2100;154;SB
KC;CHE;1900;2100;154;SC
KC;CHE;1900;2100;154;SB
LG;CHE;1900;2100;154;SC
LG;CHE;1900;2100;154;SB
LG;GBR;1900;2100;154;SC
LG;GBR;1900;2100;154;SB
LG;DEU;1900;2100;154;SC
LG;DEU;1900;2100;154;SB
LG;AUT;1900;2100;154;SC
LG;AUT;1900;2100;154;SB
MA;FRA;1900;2100;154;SC
MA;FRA;1900;2100;154;SB
MR;ITA;1900;2100;154;SC
MR;ITA;1900;2100;154;SB
MR;NLD;1900;2100;154;SC
MR;NLD;1900;2100;154;SB
MW;DEU;1900;2100;154;SC
MW;DEU;1900;2100;154;SB
NO;CHE;1900;2100;154;SC
NO;CHE;1900;2100;154;SB
NO;FRA;1900;2100;154;SC
NO;FRA;1900;2100;154;SB
NO;NZL;1900;2100;154;SC
NO;NZL;1900;2100;154;SB
NR;CHE;1900;2100;154;SC
NR;CHE;1900;2100;154;SB
NR;NOR;1900;2100;154;SC
NR;NOR;1900;2100;154;SB
PA;CHE;1900;2100;154;SC
PA;CHE;1900;2100;154;SB
PA;FRA;1900;2100;154;SC
PA;FRA;1900;2100;154;SB
PI;CHE;1900;2100;154;SC
PI;CHE;1900;2100;154;SB
PI;DEU;1900;2100;154;SC
PI;DEU;1900;2100;154;SB
PI;AUT;1900;2100;154;SC
PI;AUT;1900;2100;154;SB
PI;DNK;1900;2100;154;SC
PI;DNK;1900;2100;154;SB
PI;ESP;1900;2100;154;SC
PI;ESP;1900;2100;154;SB
PI;ITA;1900;2100;154;SC
PI;ITA;1900;2100;154;SB
PI;NLD;1900;2100;154;SC
PI;NLD;1900;2100;154;SB
PI;CZE;1900;2100;154;SC
PI;CZE;1900;2100;154;SB
PS;DEU;1900;2100;154;SC
PS;DEU;1900;2100;154;SB
PS;AUT;1900;2100;154;SC
PS;AUT;1900;2100;154;SB
PS;ITA;1900;2100;154;SC
PS;ITA;1900;2100;154;SB
PZ;CAN;1900;2100;154;SC
PZ;CAN;1900;2100;154;SB
PZ;CHE;1900;2100;154;SC
PZ;CHE;1900;2100;154;SB
PZ;FRA;1900;2100;154;SC
PZ;FRA;1900;2100;154;SB
PZ;DEU;1900;2100;154;SC
PZ;DEU;1900;2100;154;SB
PZ;AUT;1900;2100;154;SC
PZ;AUT;1900;2100;154;SB
PZ;DNK;1900;2100;154;SC
PZ;DNK;1900;2100;154;SB
PZ;ITA;1900;2100;154;SC
PZ;ITA;1900;2100;154;SB
PZ;LUX;1900;2100;154;SC
PZ;LUX;1900;2100;154;SB
PZ;AUS;1900;2100;154;SC
PZ;AUS;1900;2100;154;SB
RD;DNK;1900;2100;154;SC
RD;DNK;1900;2100;154;SB
RE;CHE;1900;2100;154;SC
RE;CHE;1900;2100;154;SB
RE;DEU;1900;2100;154;SC
RE;DEU;1900;2100;154;SB
RE;DNK;1900;2100;154;SC
RE;DNK;1900;2100;154;SB
RH;DEU;1900;2100;154;SC
RH;DEU;1900;2100;154;SB
SH;USA;1900;2100;154;SC
SH;USA;1900;2100;154;SB
SH;CHE;1900;2100;154;SC
SH;CHE;1900;2100;154;SB
SH;GBR;1900;2100;154;SC
SH;GBR;1900;2100;154;SB
SH;DEU;1900;2100;154;SC
SH;DEU;1900;2100;154;SB
SH;IRL;1900;2100;154;SC
SH;IRL;1900;2100;154;SB
SL;CHE;1900;2100;154;SC
SL;CHE;1900;2100;154;SB
SL;GBR;1900;2100;154;SC
SL;GBR;1900;2100;154;SB
SL;FRA;1900;2100;154;SC
SL;FRA;1900;2100;154;SB
SL;DEU;1900;2100;154;SC
SL;DEU;1900;2100;154;SB
SL;DNK;1900;2100;154;SC
SL;DNK;1900;2100;154;SB
SL;CZE;1900;2100;154;SC
SL;CZE;1900;2100;154;SB
SR;SWE;1900;2100;154;SC
SR;SWE;1900;2100;154;SB
SR;FIN;1900;2100;154;SC
SR;FIN;1900;2100;154;SB
TA;CHE;1900;2100;154;SC
TA;CHE;1900;2100;154;SB
TA;FRA;1900;2100;154;SC
TA;FRA;1900;2100;154;SB
TL;USA;1900;2100;154;SC
TL;USA;1900;2100;154;SB
TL;CHE;1900;2100;154;SC
TL;CHE;1900;2100;154;SB
TX;CHE;1900;2100;154;SC
TX;CHE;1900;2100;154;SB
TX;AUT;1900;2100;154;SC
TX;AUT;1900;2100;154;SB
VP;ITA;1900;2100;154;SC
VP;ITA;1900;2100;154;SB
VS;CHE;1900;2100;154;SC
VS;CHE;1900;2100;154;SB
VS;FRA;1900;2100;154;SC
VS;FRA;1900;2100;154;SB
WA;USA;1900;2100;154;SC
WA;USA;1900;2100;154;SB
WA;DEU;1900;2100;154;SC
WA;DEU;1900;2100;154;SB
WA;JPN;1900;2100;154;SC
WA;JPN;1900;2100;154;SB
WA;NZL;1900;2100;154;SC
WA;NZL;1900;2100;154;SB
WA;NLD;1900;2100;154;SC
WA;NLD;1900;2100;154;SB
WA;AUS;1900;2100;154;SC
WA;AUS;1900;2100;154;SB
WB;DEU;1900;2100;154;SC
WB;DEU;1900;2100;154;SB
WB;AUS;1900;2100;154;SC
WB;AUS;1900;2100;154;SB
ZE;CHE;1900;2100;154;SC
ZE;CHE;1900;2100;154;SB
ZE;DEU;1900;2100;154;SC
ZE;DEU;1900;2100;154;SB
ZE;AUS;1900;2100;154;SC
ZE;AUS;1900;2100;154;SB
ZE;BRA;1900;2100;154;SC
ZE;BRA;1900;2100;154;SB
